Gauge,Level,Date
Abbeymead Avenue,0.71,20/10/2023
Abbeymead Avenue,0.25,04/11/2023
Abbeymead Avenue,0.53,09/02/2024
Abbeymead Avenue,0.23,09/12/2023
Abbeymead Avenue,0.3,01/01/2024
Abbeymead Avenue,0.38,02/01/2024
Abbeymead Avenue,0.25,22/01/2024
Abbeymead Avenue,0.28,22/02/2024
Adderley,1.04,20/10/2023
Adderley,1.05,02/11/2023
Adderley,0.87,09/12/2023
Adderley,0.98,01/01/2024
Adderley,1.09,02/01/2024
Adderley,0.46,21/01/2024
Agnes Meadow,2.03,20/10/2023
Agnes Meadow,0.7,02/11/2023
Agnes Meadow,0.98,09/02/2024
Agnes Meadow,1.21,09/12/2023
Agnes Meadow,1.4,01/01/2024
Agnes Meadow,1.21,02/01/2024
Agnes Meadow,0.37,22/01/2024
Agnes Meadow,0.87,22/02/2024
Anslow,1.52,20/10/2023
Anslow,0.8,02/11/2023
Anslow,1.12,09/02/2024
Anslow,0.99,09/12/2023
Anslow,1.25,02/01/2024
Anslow,1.54,02/01/2024
Anslow,0.35,22/01/2024
Anslow,1.45,22/02/2024
Arle,1.8,20/10/2023
Arle,0.98,04/11/2023
Arle,1.19,09/02/2024
Arle,0.82,12/12/2023
Arle,1.14,30/12/2023
Arle,1.07,02/01/2024
Arle,0.76,22/01/2024
Arle,1.09,22/02/2024
Armscroft Place,1.13,20/10/2023
Armscroft Place,0.57,04/11/2023
Armscroft Place,0.79,09/02/2024
Armscroft Place,1.02,12/12/2023
Armscroft Place,0.59,30/12/2023
Armscroft Place,0.62,02/01/2024
Armscroft Place,0.59,22/01/2024
Armscroft Place,0.56,22/02/2024
Ashbourne,1.93,20/10/2023
Ashbourne,0.68,02/11/2023
Ashbourne,1.06,09/02/2024
Ashbourne,1.24,09/12/2023
Ashbourne,1.49,02/01/2024
Ashbourne,1.52,02/01/2024
Ashbourne,0.42,22/01/2024
Ashbourne,0.87,22/02/2024
Ashleworth,4.7,25/10/2023
Ashleworth,3.92,06/11/2023
Ashleworth,4.84,12/02/2024
Ashleworth,4.2,14/12/2023
Ashleworth,4.57,01/01/2024
Ashleworth,5.49,05/01/2024
Ashleworth,3.06,26/01/2024
Ashleworth,4.85,25/02/2024
Aston Bridge,3.65,21/10/2023
Aston Bridge,3.44,03/11/2023
Aston Bridge,3.19,09/02/2024
Aston Bridge,3.35,10/12/2023
Aston Bridge,3.17,28/12/2023
Aston Bridge,3.54,03/01/2024
Aston Bridge,1.74,22/01/2024
Aston Bridge,3.24,23/02/2024
Astonfields,1.4,20/10/2023
Astonfields,0.56,05/11/2023
Astonfields,0.77,09/02/2024
Astonfields,0.59,09/12/2023
Astonfields,0.68,28/12/2023
Astonfields,1.23,02/01/2024
Astonfields,0.34,21/01/2024
Astonfields,0.88,22/02/2024
Basford Bridge,2.32,20/10/2023
Basford Bridge,2.39,03/11/2023
Basford Bridge,1.71,09/02/2024
Basford Bridge,2.03,10/12/2023
Basford Bridge,1.9,02/01/2024
Basford Bridge,2.27,02/01/2024
Basford Bridge,1.23,22/01/2024
Basford Bridge,2.01,22/02/2024
Belmont,4.27,21/10/2023
Belmont,3.93,05/11/2023
Belmont,4.87,09/02/2024
Belmont,4.1,13/12/2023
Belmont,5.16,28/12/2023
Belmont,5.86,03/01/2024
Belmont,3.97,22/01/2024
Belmont,4.63,23/02/2024
Bescot,3.24,20/10/2023
Bescot,1.98,04/11/2023
Bescot,2.57,09/02/2024
Bescot,1.97,09/12/2023
Bescot,2.12,01/01/2024
Bescot,2.91,02/01/2024
Bescot,1.5,22/01/2024
Bescot,2.75,22/02/2024
Besford Bridge,3.22,21/10/2023
Besford Bridge,1.66,03/11/2023
Besford Bridge,2.99,09/02/2024
Besford Bridge,2.39,10/12/2023
Besford Bridge,2.51,29/12/2023
Besford Bridge,2.91,03/01/2024
Besford Bridge,1.61,23/01/2024
Besford Bridge,2.74,23/02/2024
Bewdley,4.55,24/10/2023
Bewdley,2.84,05/11/2023
Bewdley,3.72,09/02/2024
Bewdley,3.42,12/12/2023
Bewdley,4.18,02/01/2024
Bewdley,5.17,05/01/2024
Bewdley,2.87,26/01/2024
Bewdley,3.55,24/02/2024
Bidford On Avon,3.43,21/10/2023
Bidford On Avon,2.52,05/11/2023
Bidford On Avon,3.69,10/02/2024
Bidford On Avon,2.88,10/12/2023
Bidford On Avon,3.39,01/01/2024
Bidford On Avon,3.79,03/01/2024
Bidford On Avon,1.84,22/01/2024
Bidford On Avon,3.43,23/02/2024
Birmingham Perry Beeches,1.22,20/10/2023
Birmingham Perry Beeches,0.48,02/11/2023
Birmingham Perry Beeches,0.39,12/12/2023
Birmingham Perry Beeches,0.73,30/12/2023
Birmingham Perry Beeches,0.87,02/01/2024
Birmingham Perry Beeches,0.4,21/01/2024
Bishops Frome,1.62,20/10/2023
Bishops Frome,0.73,04/11/2023
Bishops Frome,1.6,09/02/2024
Bishops Frome,1.04,10/12/2023
Bishops Frome,1.16,28/12/2023
Bishops Frome,1.58,02/01/2024
Bishops Frome,1.05,22/01/2024
Bishops Frome,1.51,22/02/2024
Blythe Bridge,1.42,20/10/2023
Blythe Bridge,1.17,03/11/2023
Blythe Bridge,0.74,09/02/2024
Blythe Bridge,0.88,09/12/2023
Blythe Bridge,0.84,02/01/2024
Blythe Bridge,1.42,02/01/2024
Blythe Bridge,0.6,22/01/2024
Blythe Bridge,0.95,22/02/2024
Bodiam Avenue,1.18,20/10/2023
Bodiam Avenue,0.36,04/11/2023
Bodiam Avenue,0.72,09/02/2024
Bodiam Avenue,0.36,09/12/2023
Bodiam Avenue,0.51,01/01/2024
Bodiam Avenue,0.65,02/01/2024
Bodiam Avenue,0.47,22/01/2024
Bodiam Avenue,0.45,22/02/2024
Bondend Road,0.98,20/10/2023
Bondend Road,0.52,04/11/2023
Bondend Road,0.68,09/02/2024
Bondend Road,0.52,09/12/2023
Bondend Road,0.49,27/12/2023
Bondend Road,0.6,02/01/2024
Bondend Road,0.45,22/01/2024
Bondend Road,0.53,22/02/2024
Bosbury,1.4,20/10/2023
Bosbury,0.38,04/11/2023
Bosbury,1.31,09/02/2024
Bosbury,0.74,09/12/2023
Bosbury,0.8,28/12/2023
Bosbury,1.02,02/01/2024
Bosbury,0.33,22/01/2024
Bosbury,1.46,22/02/2024
Bournville Woodbrooke Road,1.49,20/10/2023
Bournville Woodbrooke Road,0.53,04/11/2023
Bournville Woodbrooke Road,1.02,10/12/2023
Bournville Woodbrooke Road,1,01/01/2024
Bournville Woodbrooke Road,1.11,02/01/2024
Bournville Woodbrooke Road,0.9,21/01/2024
Bransford,5.59,21/10/2023
Bransford,4.26,05/11/2023
Bransford,5.16,09/02/2024
Bransford,4.49,13/12/2023
Bransford,4.86,28/12/2023
Bransford,5.34,03/01/2024
Bransford,2.28,22/01/2024
Bransford,5.04,23/02/2024
Bredon,3.18,22/10/2023
Bredon,2.19,05/11/2023
Bredon,3.31,10/02/2024
Bredon,2.79,11/12/2023
Bredon,3,01/01/2024
Bredon,3.65,04/01/2024
Bredon,1.09,22/01/2024
Bredon,3.08,24/02/2024
Bredwardine,4.18,21/10/2023
Bredwardine,3.83,05/11/2023
Bredwardine,4.78,09/02/2024
Bredwardine,4.03,13/12/2023
Bredwardine,5.22,28/12/2023
Bredwardine,6.22,03/01/2024
Bredwardine,3.97,22/01/2024
Bredwardine,4.55,22/02/2024
Bridgnorth,4.58,23/10/2023
Bridgnorth,2.62,06/11/2023
Bridgnorth,3.65,11/02/2024
Bridgnorth,3.41,13/12/2023
Bridgnorth,4.17,31/12/2023
Bridgnorth,4.9,05/01/2024
Bridgnorth,2.77,26/01/2024
Bridgnorth,3.64,24/02/2024
Brimscombe,0.9,28/10/2023
Brimscombe,0.97,04/11/2023
Brimscombe,1.12,10/02/2024
Brimscombe,1.07,15/12/2023
Brimscombe,1.12,01/01/2024
Brimscombe,1.25,04/01/2024
Brimscombe,1.04,22/01/2024
Brimscombe,1.2,22/02/2024
Broadeye Bridge,1.62,29/12/2023
Bromsgrove Burcot Avenue,0.35,20/10/2023
Bromsgrove Burcot Avenue,0.13,04/11/2023
Bromsgrove Burcot Avenue,0.19,10/12/2023
Bromsgrove Burcot Avenue,0.21,01/01/2024
Bromsgrove Burcot Avenue,0.24,02/01/2024
Bromsgrove Burcot Avenue,0.15,22/01/2024
Bromsgrove Factory Lane,1.71,20/10/2023
Bromsgrove Factory Lane,0.71,04/11/2023
Bromsgrove Factory Lane,0.97,10/12/2023
Bromsgrove Factory Lane,1.08,01/01/2024
Bromsgrove Factory Lane,1.31,02/01/2024
Bromsgrove Factory Lane,1.03,22/01/2024
Bromyard,3.24,20/10/2023
Bromyard,1.3,04/11/2023
Bromyard,2.66,09/02/2024
Bromyard,1.96,10/12/2023
Bromyard,2.19,28/12/2023
Bromyard,2.78,02/01/2024
Bromyard,1.95,22/01/2024
Bromyard,2.65,22/02/2024
Brookhouse Farm,1.06,20/10/2023
Brookhouse Farm,1.13,02/11/2023
Brookhouse Farm,0.66,09/02/2024
Brookhouse Farm,0.82,09/12/2023
Brookhouse Farm,0.92,01/01/2024
Brookhouse Farm,1.03,02/01/2024
Brookhouse Farm,0.42,21/01/2024
Brookhouse Farm,0.94,22/02/2024
Brookvale Road,2.82,20/10/2023
Brookvale Road,1.63,04/11/2023
Brookvale Road,2.42,09/02/2024
Brookvale Road,1.64,09/12/2023
Brookvale Road,1.71,02/01/2024
Brookvale Road,2.8,02/01/2024
Brookvale Road,1.36,22/01/2024
Brookvale Road,2.54,22/02/2024
Broom,2.49,20/10/2023
Broom,0.67,02/11/2023
Broom,2.15,09/02/2024
Broom,1.34,09/12/2023
Broom,1.68,29/12/2023
Broom,2.13,02/01/2024
Broom,0.65,22/01/2024
Broom,1.73,22/02/2024
Buildwas,5.63,23/10/2023
Buildwas,3.43,06/11/2023
Buildwas,4.46,11/02/2024
Buildwas,4.27,15/12/2023
Buildwas,5.02,31/12/2023
Buildwas,6.35,04/01/2024
Buildwas,3.69,26/01/2024
Buildwas,4.41,24/02/2024
Burcote,1.24,21/10/2023
Burcote,0.56,06/11/2023
Burcote,0.99,10/02/2024
Burcote,0.64,11/12/2023
Burcote,0.57,29/12/2023
Burcote,1.38,03/01/2024
Burcote,0.37,22/01/2024
Burcote,1.27,23/02/2024
Burford Bridge,5.97,21/10/2023
Burford Bridge,1.2,04/11/2023
Burford Bridge,2.48,09/02/2024
Burford Bridge,1.49,09/12/2023
Burford Bridge,1.76,27/12/2023
Burford Bridge,3.64,02/01/2024
Burford Bridge,1.11,22/01/2024
Burford Bridge,2.97,22/02/2024
Bushbury Wychall Drive,0.82,20/10/2023
Bushbury Wychall Drive,0.54,05/11/2023
Bushbury Wychall Drive,0.46,09/12/2023
Bushbury Wychall Drive,0.54,28/12/2023
Bushbury Wychall Drive,0.69,02/01/2024
Bushbury Wychall Drive,0.18,21/01/2024
Butts Bridge,3.18,20/10/2023
Butts Bridge,2.73,05/11/2023
Butts Bridge,3.18,09/02/2024
Butts Bridge,2.73,13/12/2023
Butts Bridge,2.94,02/01/2024
Butts Bridge,3.68,03/01/2024
Butts Bridge,1.57,22/01/2024
Butts Bridge,2.9,22/02/2024
Byton,1.49,21/10/2023
Byton,1.13,04/11/2023
Byton,1.48,09/02/2024
Byton,1.17,12/12/2023
Byton,1.23,01/01/2024
Byton,1.93,03/01/2024
Byton,0.78,22/01/2024
Byton,1.39,22/02/2024
CRAVEN ARMS BURNSIDE CLOSE,0.98,20/10/2023
CRAVEN ARMS BURNSIDE CLOSE,0.45,04/11/2023
CRAVEN ARMS BURNSIDE CLOSE,0.53,12/12/2023
CRAVEN ARMS BURNSIDE CLOSE,0.65,27/12/2023
CRAVEN ARMS BURNSIDE CLOSE,0.86,02/01/2024
CRAVEN ARMS BURNSIDE CLOSE,0.35,21/01/2024
Cae Howel (Severn),5.76,22/10/2023
Cae Howel (Severn),4.58,05/11/2023
Cae Howel (Severn),5.25,10/02/2024
Cae Howel (Severn),5.29,13/12/2023
Cae Howel (Severn),5.46,29/12/2023
Cae Howel (Severn),5.95,03/01/2024
Cae Howel (Severn),5.2,24/01/2024
Cae Howel (Severn),5.22,23/02/2024
Cae Howel - New Cut,5.49,29/12/2023
Cae Howel - New Cut,5.94,03/01/2024
Cae Howel - New Cut,3.99,24/01/2024
Calthorpe Park,1.65,20/10/2023
Calthorpe Park,0.73,04/11/2023
Calthorpe Park,1.44,09/02/2024
Calthorpe Park,1.02,10/12/2023
Calthorpe Park,1.15,01/01/2024
Calthorpe Park,1.27,02/01/2024
Calthorpe Park,0.93,22/01/2024
Calthorpe Park,1.36,22/02/2024
Cam,1.17,20/10/2023
Cam,1.09,04/11/2023
Cam,1.26,09/02/2024
Cam,1.08,09/12/2023
Cam,1.2,31/12/2023
Cam,1.33,02/01/2024
Cam,1.04,22/01/2024
Cam,1.08,22/02/2024
Cambridge,0.62,20/10/2023
Cambridge,0.43,04/11/2023
Cambridge,0.7,09/02/2024
Cambridge,0.43,09/12/2023
Cambridge,0.62,01/01/2024
Cambridge,0.65,02/01/2024
Cambridge,0.52,22/01/2024
Cambridge,0.5,22/02/2024
Cannock,1.48,20/10/2023
Cannock,0.78,04/11/2023
Cannock,1.09,09/02/2024
Cannock,0.88,09/12/2023
Cannock,0.99,28/12/2023
Cannock,1.04,02/01/2024
Cannock,0.75,21/01/2024
Cannock,1,22/02/2024
Castle Farm,2.32,21/10/2023
Castle Farm,1.61,05/11/2023
Castle Farm,2.15,09/02/2024
Castle Farm,1.87,09/12/2023
Castle Farm,1.94,29/12/2023
Castle Farm,2.2,03/01/2024
Castle Farm,1.45,23/01/2024
Castle Farm,1.98,23/02/2024
Chalford,0.21,22/10/2023
Chalford,0.33,05/11/2023
Chalford,0.39,10/02/2024
Chalford,0.38,13/12/2023
Chalford,0.39,01/01/2024
Chalford,0.49,04/01/2024
Chalford,0.3,22/01/2024
Chalford,0.45,24/02/2024
Charlton Kings,0.71,20/10/2023
Charlton Kings,0.56,02/11/2023
Charlton Kings,0.88,09/02/2024
Charlton Kings,0.55,12/12/2023
Charlton Kings,0.67,30/12/2023
Charlton Kings,0.74,02/01/2024
Charlton Kings,0.47,22/01/2024
Charlton Kings,0.66,22/02/2024
Charterhouse Bridge,1.67,20/10/2023
Charterhouse Bridge,0.44,02/11/2023
Charterhouse Bridge,1.4,09/02/2024
Charterhouse Bridge,0.86,10/12/2023
Charterhouse Bridge,1.06,28/12/2023
Charterhouse Bridge,1.34,02/01/2024
Charterhouse Bridge,0.6,22/01/2024
Charterhouse Bridge,0.91,22/02/2024
Cheadle,0.87,20/10/2023
Cheadle,0.86,02/11/2023
Cheadle,0.71,09/12/2023
Cheadle,0.81,01/01/2024
Cheadle,0.79,02/01/2024
Cheadle,0.36,21/01/2024
Cheswick Green,1.56,20/10/2023
Cheswick Green,0.97,04/11/2023
Cheswick Green,1.52,09/02/2024
Cheswick Green,1.26,10/12/2023
Cheswick Green,1.38,28/12/2023
Cheswick Green,1.5,02/01/2024
Cheswick Green,0.92,22/01/2024
Cheswick Green,1.41,22/02/2024
Cheyney Close,1.54,20/10/2023
Cheyney Close,0.39,04/11/2023
Cheyney Close,0.72,09/02/2024
Cheyney Close,0.35,10/12/2023
Cheyney Close,0.41,31/12/2023
Cheyney Close,0.59,02/01/2024
Cheyney Close,0.41,22/01/2024
Cheyney Close,0.43,22/02/2024
Childswickham,0.76,20/10/2023
Childswickham,0.39,04/11/2023
Childswickham,0.69,09/02/2024
Childswickham,0.46,09/12/2023
Childswickham,0.46,31/12/2023
Childswickham,0.51,02/01/2024
Childswickham,0.28,22/01/2024
Church Stretton,0.54,20/10/2023
Church Stretton,0.24,04/11/2023
Church Stretton,0.27,09/02/2024
Church Stretton,0.24,09/12/2023
Church Stretton,0.24,01/01/2024
Church Stretton,0.29,02/01/2024
Church Stretton,0.12,21/01/2024
Church Stretton,0.27,22/02/2024
Churchbridge Hall Lane,2.52,28/10/2023
Churchbridge Hall Lane,0.24,04/11/2023
Churchbridge Hall Lane,0.24,09/12/2023
Churchbridge Hall Lane,0.96,28/12/2023
Churchbridge Hall Lane,0.92,02/01/2024
Churchbridge Hall Lane,0.18,21/01/2024
Churchover,1.63,21/10/2023
Churchover,1.58,03/11/2023
Churchover,1.64,09/02/2024
Churchover,1.57,11/12/2023
Churchover,1.65,31/12/2023
Churchover,1.76,02/01/2024
Churchover,1.22,22/01/2024
Churchover,1.61,23/02/2024
Clay Coton,2.08,20/10/2023
Clay Coton,1.86,03/11/2023
Clay Coton,2.23,09/02/2024
Clay Coton,1.94,09/12/2023
Clay Coton,2.12,31/12/2023
Clay Coton,2.28,02/01/2024
Clay Coton,1.21,22/01/2024
Clay Coton,2.05,22/02/2024
Clifton Hall,2.18,20/10/2023
Clifton Hall,1.55,03/11/2023
Clifton Hall,1.81,09/02/2024
Clifton Hall,1.54,10/12/2023
Clifton Hall,1.46,28/12/2023
Clifton Hall,2.09,03/01/2024
Clifton Hall,0.34,22/01/2024
Clifton Hall,1.92,22/02/2024
Clifton Road,0.93,20/10/2023
Clifton Road,0.45,05/11/2023
Clifton Road,0.41,09/12/2023
Clifton Road,0.48,01/01/2024
Clifton Road,0.94,02/01/2024
Clifton Road,0.32,22/01/2024
Clomoney Way,1.68,20/10/2023
Clomoney Way,0.9,04/11/2023
Clomoney Way,1.48,09/02/2024
Clomoney Way,0.74,09/12/2023
Clomoney Way,1.08,31/12/2023
Clomoney Way,1.19,02/01/2024
Clomoney Way,0.89,22/01/2024
Clomoney Way,0.91,22/02/2024
Coleshill,1.73,20/10/2023
Coleshill,0.53,04/11/2023
Coleshill,1.18,09/02/2024
Coleshill,0.77,10/12/2023
Coleshill,0.85,27/12/2023
Coleshill,1.35,02/01/2024
Coleshill,0.6,22/01/2024
Coleshill,0.85,22/02/2024
Coven,2.24,20/10/2023
Coven,1.36,05/11/2023
Coven,2.03,09/02/2024
Coven,1.47,09/12/2023
Coven,1.62,28/12/2023
Coven,2.22,02/01/2024
Coven,1,22/01/2024
Coven,2.18,22/02/2024
Cox'S Flume,1.29,20/10/2023
Cox'S Flume,0.83,02/11/2023
Cox'S Flume,1.46,09/02/2024
Cox'S Flume,0.88,12/12/2023
Cox'S Flume,1.26,30/12/2023
Cox'S Flume,1.32,02/01/2024
Cox'S Flume,0.64,22/01/2024
Cox'S Flume,1.2,22/02/2024
Cox'S Meadow Storage Area,0.22,20/10/2023
Cox'S Meadow Storage Area,0.02,04/11/2023
Cox'S Meadow Storage Area,0.9,11/02/2024
Cox'S Meadow Storage Area,0.02,09/12/2023
Cox'S Meadow Storage Area,0.15,31/12/2023
Cox'S Meadow Storage Area,0.25,02/01/2024
Cox'S Meadow Storage Area,0.02,23/01/2024
Cox'S Meadow Storage Area,0.13,23/02/2024
Cresswell,1.35,20/10/2023
Cresswell,0.83,03/11/2023
Cresswell,0.75,09/02/2024
Cresswell,0.92,09/12/2023
Cresswell,0.94,01/01/2024
Cresswell,1.31,02/01/2024
Cresswell,0.47,22/01/2024
Cresswell,0.88,22/02/2024
Crew Green,6.44,21/10/2023
Crew Green,5.04,05/11/2023
Crew Green,5.99,09/02/2024
Crew Green,5.9,13/12/2023
Crew Green,6.12,29/12/2023
Crew Green,6.48,03/01/2024
Crew Green,5.89,24/01/2024
Crew Green,5.85,23/02/2024
Croxall,2.3,22/10/2023
Croxall,2.02,05/11/2023
Croxall,2.1,11/12/2023
Croxall,2.04,29/12/2023
Croxall,2.29,04/01/2024
Croxall,1.18,22/01/2024
Darlaston,2.69,20/10/2023
Darlaston,2.26,03/11/2023
Darlaston,1.71,09/02/2024
Darlaston,2.24,09/12/2023
Darlaston,2.18,02/01/2024
Darlaston,2.73,02/01/2024
Darlaston,1.56,22/01/2024
Darlaston,2.22,22/02/2024
Deepmore Farm,1.66,20/10/2023
Deepmore Farm,0.96,04/11/2023
Deepmore Farm,1.46,09/02/2024
Deepmore Farm,1.12,09/12/2023
Deepmore Farm,1.24,28/12/2023
Deepmore Farm,1.6,02/01/2024
Deepmore Farm,0.65,22/01/2024
Deepmore Farm,1.5,22/02/2024
Deerhurst,5.29,22/10/2023
Deerhurst,4.71,06/11/2023
Diglis,4.95,22/10/2023
Diglis,3.3,05/11/2023
Diglis,4.72,10/02/2024
Diglis,4.11,14/12/2023
Diglis,4.7,01/01/2024
Diglis,5.12,03/01/2024
Diglis,2.35,26/01/2024
Diglis,4.56,23/02/2024
Doveridge,3,21/10/2023
Doveridge,2.81,03/11/2023
Doveridge,2.6,09/02/2024
Doveridge,2.74,10/12/2023
Doveridge,2.56,27/12/2023
Doveridge,2.86,03/01/2024
Doveridge,1.44,22/01/2024
Doveridge,2.62,22/02/2024
Drakelow,3.52,22/10/2023
Drakelow,2.49,06/11/2023
Drakelow,3.32,10/02/2024
Drakelow,2.74,11/12/2023
Drakelow,2.6,30/12/2023
Drakelow,3.88,04/01/2024
Drakelow,1.76,22/01/2024
Drakelow,3.21,24/02/2024
Dutlas,2.22,20/10/2023
Dutlas,0.71,04/11/2023
Dutlas,1.08,09/02/2024
Dutlas,0.78,09/12/2023
Dutlas,1.23,01/01/2024
Dutlas,1.81,02/01/2024
Dutlas,0.63,21/01/2024
Dutlas,1.16,22/02/2024
Eardisland,1.03,20/10/2023
Eardisland,0.89,04/11/2023
Eardisland,1.09,09/02/2024
Eardisland,0.87,12/12/2023
Eardisland,1.05,28/12/2023
Eardisland,1.48,02/01/2024
Eardisland,0.75,22/01/2024
Eardisland,1.01,22/02/2024
Eastington,1.49,20/10/2023
Eastington,1.02,04/11/2023
Eastington,1.51,09/02/2024
Eastington,1.07,13/12/2023
Eastington,1.41,02/01/2024
Eastington,1.52,02/01/2024
Eastington,1.03,22/01/2024
Eastington,1.41,22/02/2024
Eathorpe,1.84,21/10/2023
Eathorpe,1.99,03/11/2023
Eathorpe,2.59,09/02/2024
Eathorpe,2.21,10/12/2023
Eathorpe,2.51,31/12/2023
Eathorpe,2.66,03/01/2024
Eathorpe,0.88,23/01/2024
Eathorpe,2.39,23/02/2024
Ebley Mill,0.8,20/10/2023
Ebley Mill,0.63,04/11/2023
Ebley Mill,0.84,09/02/2024
Ebley Mill,0.68,12/12/2023
Ebley Mill,0.85,01/01/2024
Ebley Mill,0.93,02/01/2024
Ebley Mill,0.62,22/01/2024
Ebley Mill,0.86,22/02/2024
Egypt Mill,0.5,28/10/2023
Egypt Mill,0.56,04/11/2023
Egypt Mill,0.25,09/02/2024
Egypt Mill,0.57,12/12/2023
Egypt Mill,0.68,01/01/2024
Egypt Mill,0.72,03/01/2024
Egypt Mill,0.6,25/01/2024
Egypt Mill,0.66,22/02/2024
Epney,6.6,28/10/2023
Epney,5.4,01/11/2023
Epney,6.56,11/02/2024
Epney,5.16,15/12/2023
Epney,4.95,27/12/2023
Epney,3.89,02/01/2024
Epney,4.21,25/01/2024
Epney,5.12,24/02/2024
Evesham,3.3,21/10/2023
Evesham,1.8,05/11/2023
Evesham,3.52,09/02/2024
Evesham,2.27,10/12/2023
Evesham,2.73,01/01/2024
Evesham,3.85,03/01/2024
Evesham,1.13,22/01/2024
Evesham,3.01,23/02/2024
Eywas Harold,0.5,20/10/2023
Eywas Harold,0.84,04/11/2023
Eywas Harold,1.36,09/02/2024
Eywas Harold,1.19,09/12/2023
Eywas Harold,1.04,27/12/2023
Eywas Harold,1.73,02/01/2024
Eywas Harold,1.06,22/01/2024
Farley bridge,2.51,20/10/2023
Farley bridge,1.7,04/11/2023
Farley bridge,1.62,09/12/2023
Farley bridge,1.85,28/12/2023
Farley bridge,2.33,02/01/2024
Farley bridge,0.94,22/01/2024
Feckenham,2.1,20/10/2023
Feckenham,0.44,04/11/2023
Feckenham,1.32,09/02/2024
Feckenham,0.86,09/12/2023
Feckenham,1.16,28/12/2023
Feckenham,1.35,02/01/2024
Feckenham,0.43,22/01/2024
Feckenham,1.24,22/02/2024
Field Court Drive,0.84,20/10/2023
Field Court Drive,0.24,04/11/2023
Field Court Drive,0.33,09/02/2024
Field Court Drive,0.23,12/12/2023
Field Court Drive,0.28,27/12/2023
Field Court Drive,0.31,02/01/2024
Field Court Drive,0.35,21/01/2024
Field Court Drive,0.42,22/02/2024
Flint Mill,2.95,20/10/2023
Flint Mill,3.19,03/11/2023
Flint Mill,1.61,09/02/2024
Flint Mill,2.14,10/12/2023
Flint Mill,1.83,02/01/2024
Flint Mill,2.99,02/01/2024
Flint Mill,1.13,22/01/2024
Flint Mill,2.2,22/02/2024
Ford Bridge,1.54,24/10/2023
Ford Bridge,2.27,05/11/2023
Ford Bridge,2.39,13/12/2023
Ford Bridge,2.98,29/12/2023
Ford Bridge,3.87,03/01/2024
Ford Bridge,1.29,22/01/2024
Froghall,2.16,20/10/2023
Froghall,2.36,03/11/2023
Froghall,1.33,09/02/2024
Froghall,1.45,10/12/2023
Froghall,1.55,02/01/2024
Froghall,2.15,03/01/2024
Froghall,0.76,22/01/2024
Froghall,1.43,22/02/2024
Gloucester,3.93,28/10/2023
Gloucester,3.26,01/11/2023
Gloucester,4.04,11/02/2024
Gloucester,3.43,14/12/2023
Gloucester,3.26,01/01/2024
Gloucester,4.75,08/01/2024
Gloucester,2.36,25/01/2024
Gloucester,3.86,24/02/2024
Great Bridgford,1.49,21/10/2023
Great Bridgford,1.14,03/11/2023
Great Bridgford,1.11,09/02/2024
Great Bridgford,1.19,10/12/2023
Great Bridgford,1.18,28/12/2023
Great Bridgford,1.41,02/01/2024
Great Bridgford,0.8,22/01/2024
Great Bridgford,1.2,23/02/2024
Great Haywood,2.97,21/10/2023
Great Haywood,2.31,03/11/2023
Great Haywood,2.44,10/02/2024
Great Haywood,2.47,10/12/2023
Great Haywood,2.28,29/12/2023
Great Haywood,2.99,03/01/2024
Great Haywood,1.61,22/01/2024
Great Haywood,2.61,23/02/2024
Halesowen,2.07,20/10/2023
Halesowen,0.98,04/11/2023
Halesowen,1.54,09/02/2024
Halesowen,1.06,09/12/2023
Halesowen,1.2,02/01/2024
Halesowen,1.32,02/01/2024
Halesowen,1,22/01/2024
Halesowen,1.59,22/02/2024
Halesowen Dogkennel Lane,1.47,20/10/2023
Halesowen Dogkennel Lane,0.39,04/11/2023
Halesowen Dogkennel Lane,0.4,09/12/2023
Halesowen Dogkennel Lane,0.58,02/01/2024
Halesowen Dogkennel Lane,0.81,02/01/2024
Halesowen Dogkennel Lane,0.3,22/01/2024
Halesowen Manor Way,2.24,20/10/2023
Halesowen Manor Way,0.56,04/11/2023
Halesowen Manor Way,0.79,09/12/2023
Halesowen Manor Way,1.1,01/01/2024
Halesowen Manor Way,1.18,02/01/2024
Halesowen Manor Way,0.58,22/01/2024
Hall Green Road,1.88,20/10/2023
Hall Green Road,1,02/11/2023
Hall Green Road,1.94,09/02/2024
Hall Green Road,1.33,10/12/2023
Hall Green Road,1.39,01/01/2024
Hall Green Road,2.09,02/01/2024
Hall Green Road,1.21,22/01/2024
Hall Green Road,1.7,22/02/2024
Hamstall Ridware,1.18,20/10/2023
Hamstall Ridware,0.92,05/11/2023
Hamstall Ridware,1.13,09/02/2024
Hamstall Ridware,0.95,13/12/2023
Hamstall Ridware,1.08,28/12/2023
Hamstall Ridware,1.27,02/01/2024
Hamstall Ridware,0.2,24/01/2024
Hamstall Ridware,1.25,22/02/2024
Hanford Bridge,1.89,20/10/2023
Hanford Bridge,1.57,02/11/2023
Hanford Bridge,1.11,09/02/2024
Hanford Bridge,1.35,09/12/2023
Hanford Bridge,1.52,01/01/2024
Hanford Bridge,2,02/01/2024
Hanford Bridge,0.93,22/01/2024
Hanford Bridge,1.45,22/02/2024
Harford Hill,2.54,20/10/2023
Harford Hill,1.28,04/11/2023
Harford Hill,2.39,09/02/2024
Harford Hill,2.16,11/12/2023
Harford Hill,2.17,29/12/2023
Harford Hill,2.42,02/01/2024
Harford Hill,1.78,22/01/2024
Harford Hill,2.38,22/02/2024
Hatton,3.67,21/10/2023
Hatton,2.84,03/11/2023
Hatton,2.61,10/02/2024
Hatton,2.75,10/12/2023
Hatton,2.46,28/12/2023
Hatton,3.3,03/01/2024
Hatton,1.41,22/01/2024
Hatton,2.6,23/02/2024
Haw Bridge,5.07,25/10/2023
Haw Bridge,4.46,06/11/2023
Haw Bridge,5.18,12/02/2024
Haw Bridge,4.98,14/12/2023
Haw Bridge,5.13,02/01/2024
Haw Bridge,5.78,05/01/2024
Haw Bridge,3.61,27/01/2024
Haw Bridge,5.17,24/02/2024
Henley River,2.35,20/10/2023
Henley River,0.68,04/11/2023
Henley River,1.53,09/02/2024
Henley River,0.97,09/12/2023
Henley River,1.58,28/12/2023
Henley River,1.75,02/01/2024
Henley River,0.77,22/01/2024
Henley River,1.33,22/02/2024
Hereford Bridge,3.83,21/10/2023
Hereford Bridge,3.51,05/11/2023
Hereford Bridge,4.38,09/02/2024
Hereford Bridge,3.67,13/12/2023
Hereford Bridge,4.64,28/12/2023
Hereford Bridge,5.18,03/01/2024
Hereford Bridge,3.55,22/01/2024
Hereford Bridge,4.17,23/02/2024
Hinton,2.95,20/10/2023
Hinton,1.43,04/11/2023
Hinton,2.71,09/02/2024
Hinton,2.02,09/12/2023
Hinton,2.46,31/12/2023
Hinton,2.32,02/01/2024
Hinton,0.62,22/01/2024
Hinton,2.2,22/02/2024
Hints,1.83,20/10/2023
Hints,1.6,05/11/2023
Hints,1.79,09/02/2024
Hints,1.6,09/12/2023
Hints,1.51,27/12/2023
Hints,2.06,03/01/2024
Hints,1.38,22/01/2024
Hints,1.79,22/02/2024
Hoar Cross,1.83,20/10/2023
Hoar Cross,0.97,04/11/2023
Hoar Cross,1.47,09/02/2024
Hoar Cross,1.22,09/12/2023
Hoar Cross,1.44,02/01/2024
Hoar Cross,1.66,02/01/2024
Hoar Cross,0.29,22/01/2024
Hoar Cross,1.59,22/02/2024
Hookagate,2.31,20/10/2023
Hookagate,1.15,05/11/2023
Hookagate,1.52,09/02/2024
Hookagate,1.14,09/12/2023
Hookagate,1.36,28/12/2023
Hookagate,1.68,02/01/2024
Hookagate,0.92,24/01/2024
Hookagate,1.5,22/02/2024
"Hope Street, Coventry",1.96,20/10/2023
"Hope Street, Coventry",1.1,04/11/2023
"Hope Street, Coventry",2.25,09/02/2024
"Hope Street, Coventry",1.56,10/12/2023
"Hope Street, Coventry",1.62,02/01/2024
"Hope Street, Coventry",2.14,02/01/2024
"Hope Street, Coventry",1.44,22/01/2024
"Hope Street, Coventry",2.12,22/02/2024
Hopwas Bridge,2.84,21/10/2023
Hopwas Bridge,1.89,05/11/2023
Hopwas Bridge,2.72,10/02/2024
Hopwas Bridge,2.12,11/12/2023
Hopwas Bridge,2.08,29/12/2023
Hopwas Bridge,2.99,03/01/2024
Hopwas Bridge,1.34,22/01/2024
Hopwas Bridge,2.56,23/02/2024
Horsebottoms,2.08,20/10/2023
Horsebottoms,1.73,02/11/2023
Horsebottoms,1.73,09/02/2024
Horsebottoms,1.64,09/12/2023
Horsebottoms,1.94,27/12/2023
Horsebottoms,2.01,02/01/2024
Horsebottoms,0.55,22/01/2024
Horsebottoms,1.94,22/02/2024
Hucclecote,1.13,20/10/2023
Hucclecote,0.64,04/11/2023
Hucclecote,1.19,09/02/2024
Hucclecote,0.52,09/12/2023
Hucclecote,0.81,30/12/2023
Hucclecote,0.91,02/01/2024
Hucclecote,0.64,22/01/2024
Hucclecote,0.67,22/02/2024
Ilam,2.48,20/10/2023
Ilam,1.62,02/11/2023
Ilam,1.16,09/02/2024
Ilam,1.32,10/12/2023
Ilam,1.46,02/01/2024
Ilam,1.62,02/01/2024
Ilam,0.59,22/01/2024
Ilam,1.33,22/02/2024
India Road,0.77,20/10/2023
India Road,0.37,04/11/2023
India Road,0.45,09/02/2024
India Road,0.27,10/12/2023
India Road,0.32,30/12/2023
India Road,0.33,02/01/2024
India Road,0.31,21/01/2024
India Road,0.44,22/02/2024
Izaak Walton,1.53,20/10/2023
Izaak Walton,0.88,03/11/2023
Izaak Walton,0.79,09/02/2024
Izaak Walton,1.11,10/12/2023
Izaak Walton,0.97,01/01/2024
Izaak Walton,1.14,02/01/2024
Izaak Walton,0.61,22/01/2024
Izaak Walton,0.9,22/02/2024
Kempsey Yacht Club,7.11,22/10/2023
Kempsey Yacht Club,5.41,05/11/2023
Kempsey Yacht Club,6.91,10/02/2024
Kempsey Yacht Club,6.21,14/12/2023
Kempsey Yacht Club,6.81,01/01/2024
Kempsey Yacht Club,7.21,03/01/2024
Kempsey Yacht Club,4.42,26/01/2024
Kempsey Yacht Club,6.73,23/02/2024
Kenilworth,1.89,20/10/2023
Kenilworth,1.06,02/11/2023
Kenilworth,2.27,09/02/2024
Kenilworth,1.36,10/12/2023
Kenilworth,1.88,28/12/2023
Kenilworth,2.17,02/01/2024
Kenilworth,1.14,22/01/2024
Kenilworth,1.71,22/02/2024
Kenilworth Whateleys Drive,0.82,20/10/2023
Kenilworth Whateleys Drive,0.34,04/11/2023
Kenilworth Whateleys Drive,0.66,10/12/2023
Kenilworth Whateleys Drive,0.93,28/12/2023
Kenilworth Whateleys Drive,0.75,02/01/2024
Kenilworth Whateleys Drive,0.38,22/01/2024
Kingscroft Road,1.5,20/10/2023
Kingscroft Road,0.84,04/11/2023
Kingscroft Road,1.12,09/02/2024
Kingscroft Road,0.56,10/12/2023
Kingscroft Road,0.8,30/12/2023
Kingscroft Road,0.94,02/01/2024
Kingscroft Road,0.84,21/01/2024
Kingscroft Road,0.79,22/02/2024
Kites Hardwick,1.53,21/10/2023
Kites Hardwick,1.9,03/11/2023
Kites Hardwick,2.32,09/02/2024
Kites Hardwick,2,10/12/2023
Kites Hardwick,2.24,31/12/2023
Kites Hardwick,2.4,02/01/2024
Kites Hardwick,0.84,22/01/2024
Kites Hardwick,2.18,23/02/2024
Knightsford Bridge,5.67,21/10/2023
Knightsford Bridge,3.39,05/11/2023
Knightsford Bridge,5.3,09/02/2024
Knightsford Bridge,3.64,13/12/2023
Knightsford Bridge,4.28,28/12/2023
Knightsford Bridge,5.46,03/01/2024
Knightsford Bridge,1.74,22/01/2024
Knightsford Bridge,5.08,23/02/2024
Knypersley,1.06,20/10/2023
Knypersley,1.16,02/11/2023
Knypersley,0.68,09/02/2024
Knypersley,0.78,09/12/2023
Knypersley,0.95,02/01/2024
Knypersley,1.11,02/01/2024
Knypersley,0.59,22/01/2024
Knypersley,0.88,22/02/2024
Lea Marston Lakes,1.74,20/10/2023
Lea Marston Lakes,1.05,04/11/2023
Lea Marston Lakes,1.62,09/02/2024
Lea Marston Lakes,1.18,09/12/2023
Lea Marston Lakes,1.28,02/01/2024
Lea Marston Lakes,1.75,03/01/2024
Lea Marston Lakes,0.95,22/01/2024
Lea Marston Lakes,1.52,22/02/2024
Leasows Farm,1.74,20/10/2023
Leasows Farm,1.63,03/11/2023
Leasows Farm,1.46,09/02/2024
Leasows Farm,1.59,09/12/2023
Leasows Farm,1.54,27/12/2023
Leasows Farm,1.72,03/01/2024
Leasows Farm,0.87,22/01/2024
Leasows Farm,1.44,22/02/2024
Leek,0.94,20/10/2023
Leek,1.54,02/11/2023
Leek,0.83,09/02/2024
Leek,1.01,09/12/2023
Leek,1.04,02/01/2024
Leek,1.26,02/01/2024
Leek,0.6,22/01/2024
Leek,0.98,22/02/2024
Leintwardine,2.39,21/10/2023
Leintwardine,1.32,05/11/2023
Leintwardine,1.58,09/02/2024
Leintwardine,1.38,13/12/2023
Leintwardine,1.5,28/12/2023
Leintwardine,2.05,03/01/2024
Leintwardine,0.93,24/01/2024
Leintwardine,1.36,22/02/2024
Leominster Osborne Place,2.07,21/10/2023
Leominster Osborne Place,1.66,05/11/2023
Leominster Osborne Place,1.75,13/12/2023
Leominster Osborne Place,1.84,02/01/2024
Leominster Osborne Place,2.92,03/01/2024
Leominster Osborne Place,1.07,22/01/2024
Leominster Upper Marsh,1.88,20/10/2023
Leominster Upper Marsh,1.4,04/11/2023
Leominster Upper Marsh,1.4,13/12/2023
Leominster Upper Marsh,1.61,02/01/2024
Leominster Upper Marsh,2.56,03/01/2024
Leominster Upper Marsh,0.76,22/01/2024
Lilbourne,1.32,21/10/2023
Lilbourne,1.36,03/11/2023
Lilbourne,1.67,09/02/2024
Lilbourne,1.33,09/12/2023
Lilbourne,1.52,31/12/2023
Lilbourne,1.8,02/01/2024
Lilbourne,1.02,22/01/2024
Lilbourne,1.46,22/02/2024
Little Alne,3.19,20/10/2023
Little Alne,1.95,04/11/2023
Little Alne,3.09,09/02/2024
Little Alne,2.84,09/12/2023
Little Alne,2.96,28/12/2023
Little Alne,3.06,02/01/2024
Little Alne,1.74,22/01/2024
Little Alne,2.92,22/02/2024
Liverpool Road,1.56,20/10/2023
Liverpool Road,1.06,02/11/2023
Liverpool Road,0.78,09/02/2024
Liverpool Road,0.76,09/12/2023
Liverpool Road,1.05,02/01/2024
Liverpool Road,1.75,02/01/2024
Liverpool Road,0.58,21/01/2024
Liverpool Road,0.9,22/02/2024
Llanyblodwel,1.98,20/10/2023
Llanyblodwel,0.98,04/11/2023
Llanyblodwel,1.1,09/02/2024
Llanyblodwel,1.6,09/12/2023
Llanyblodwel,1.87,30/12/2023
Llanyblodwel,1.79,02/01/2024
Llanyblodwel,1.89,22/01/2024
Llanyblodwel,1.54,22/02/2024
Lodge Hill Elford Road,1.21,20/10/2023
Lodge Hill Elford Road,0.38,04/11/2023
Lodge Hill Elford Road,0.52,10/12/2023
Lodge Hill Elford Road,0.54,01/01/2024
Lodge Hill Elford Road,0.63,02/01/2024
Lodge Hill Elford Road,0.58,21/01/2024
Longbridge Bristol Street South,1.65,20/10/2023
Longbridge Bristol Street South,0.2,04/11/2023
Longbridge Bristol Street South,1.03,10/12/2023
Longbridge Bristol Street South,0.74,01/01/2024
Longbridge Bristol Street South,0.96,02/01/2024
Longbridge Bristol Street South,1.12,21/01/2024
Longford,1.6,20/10/2023
Longford,0.82,02/11/2023
Longford,1.58,09/02/2024
Longford,1.01,10/12/2023
Longford,1.05,28/12/2023
Longford,1,22/01/2024
Longford,1.39,22/02/2024
Ludlow - Corve,3.9,20/10/2023
Ludlow - Corve,2.56,05/11/2023
Ludlow - Corve,3.24,09/02/2024
Ludlow - Corve,3.11,13/12/2023
Ludlow - Corve,3.11,28/12/2023
Ludlow - Corve,3.38,02/01/2024
Ludlow - Corve,1.6,22/01/2024
Ludlow - Corve,3.26,22/02/2024
Ludlow Orleton Millbrook Way,0.71,20/10/2023
Ludlow Orleton Millbrook Way,0.27,04/11/2023
Ludlow Orleton Millbrook Way,0.53,09/12/2023
Ludlow Orleton Millbrook Way,0.82,01/01/2024
Ludlow Orleton Millbrook Way,1.17,02/01/2024
Ludlow Orleton Millbrook Way,0.21,22/01/2024
Ludlow Teme,4.47,20/10/2023
Ludlow Teme,2.4,05/11/2023
Ludlow Teme,3.05,09/02/2024
Ludlow Teme,2.6,13/12/2023
Ludlow Teme,2.63,28/12/2023
Ludlow Teme,3.71,03/01/2024
Ludlow Teme,1.68,24/01/2024
Ludlow Teme,2.92,22/02/2024
Lugwardine,2.78,23/10/2023
Lugwardine,2.78,07/11/2023
Lugwardine,2.8,10/02/2024
Lugwardine,2.78,14/12/2023
Lugwardine,2.79,01/01/2024
Lugwardine,2.93,04/01/2024
Lugwardine,2.64,22/01/2024
Lugwardine,2.79,22/02/2024
Lydbrook,4.3,22/10/2023
Lydbrook,4.07,05/11/2023
Lydbrook,5.33,10/02/2024
Lydbrook,4.28,13/12/2023
Lydbrook,5.45,30/12/2023
Lydbrook,6.76,04/01/2024
Lydbrook,3.91,23/01/2024
Lydbrook,4.86,24/02/2024
Lydney,0.52,20/10/2023
Lydney,0.44,04/11/2023
Lydney,0.89,09/02/2024
Lydney,0.7,09/12/2023
Lydney,0.77,02/01/2024
Lydney,0.85,02/01/2024
Lydney,0.66,22/01/2024
Lydney,0.64,23/02/2024
Maesbrook,1.74,21/10/2023
Maesbrook,0.46,04/11/2023
Maesbrook,1.32,09/02/2024
Maesbrook,1.47,10/12/2023
Maesbrook,1.48,28/12/2023
Maesbrook,1.53,03/01/2024
Maesbrook,1.48,24/01/2024
Maesbrook,1.43,22/02/2024
Mancetter,2.08,21/10/2023
Mancetter,1.64,03/11/2023
Mancetter,2.03,09/02/2024
Mancetter,1.76,11/12/2023
Mancetter,1.84,31/12/2023
Mancetter,2.15,03/01/2024
Mancetter,1.18,22/01/2024
Mancetter,1.92,23/02/2024
Marchington,1.85,20/10/2023
Marchington,1.52,05/11/2023
Marchington,1.58,09/02/2024
Marchington,1.64,12/12/2023
Marchington,1.63,02/01/2024
Marchington,1.75,02/01/2024
Marchington,0.27,22/01/2024
Marchington,1.66,22/02/2024
Marlbrook,2.76,20/10/2023
Marlbrook,1,04/11/2023
Marlbrook,1.29,12/12/2023
Marlbrook,1.04,02/01/2024
Marlbrook,1.95,02/01/2024
Marlbrook,0.29,22/01/2024
Marston On Dove,2.69,21/10/2023
Marston On Dove,2.13,03/11/2023
Marston On Dove,1.91,10/02/2024
Marston On Dove,2.05,10/12/2023
Marston On Dove,1.75,28/12/2023
Marston On Dove,2.52,03/01/2024
Marston On Dove,0.99,22/01/2024
Marston On Dove,1.87,23/02/2024
Matson Place,0.92,20/10/2023
Matson Place,0.48,04/11/2023
Matson Place,0.71,09/02/2024
Matson Place,0.45,10/12/2023
Matson Place,0.51,01/01/2024
Matson Place,0.64,02/01/2024
Matson Place,0.53,22/01/2024
Matson Place,0.56,22/02/2024
Mayfield,3.22,20/10/2023
Mayfield,2.45,03/11/2023
Mayfield,1.95,09/02/2024
Mayfield,2.22,09/12/2023
Mayfield,2.04,02/01/2024
Mayfield,2.76,02/01/2024
Mayfield,0.99,22/01/2024
Mayfield,2.1,22/02/2024
Merestones Road,0.62,20/10/2023
Merestones Road,0.28,04/11/2023
Merestones Road,0.51,09/02/2024
Merestones Road,0.41,12/12/2023
Merestones Road,0.39,30/12/2023
Merestones Road,0.39,02/01/2024
Merestones Road,0.23,21/01/2024
Merestones Road,0.34,22/02/2024
Merrywalks,0.59,20/10/2023
Merrywalks,0.38,04/11/2023
Merrywalks,0.61,09/02/2024
Merrywalks,0.34,12/12/2023
Merrywalks,0.5,28/12/2023
Merrywalks,0.46,02/01/2024
Merrywalks,0.33,21/01/2024
Merrywalks,0.41,22/02/2024
Milford,2.66,22/10/2023
Milford,1.96,06/11/2023
Milford,2.28,10/02/2024
Milford,2.12,10/12/2023
Milford,2.06,29/12/2023
Milford,2.69,03/01/2024
Milford,1.02,22/01/2024
Milford,2.45,23/02/2024
Millfield Avenue,0.94,20/10/2023
Millfield Avenue,0.64,05/11/2023
Millfield Avenue,0.49,09/12/2023
Millfield Avenue,0.49,02/01/2024
Millfield Avenue,0.74,02/01/2024
Millfield Avenue,0.24,22/01/2024
Minsterworth,5.85,28/10/2023
Minsterworth,4.75,01/11/2023
Minsterworth,5.83,11/02/2024
Minsterworth,4.69,14/12/2023
Minsterworth,4.4,27/12/2023
Minsterworth,4.12,05/01/2024
Minsterworth,3.68,25/01/2024
Minsterworth,4.7,24/02/2024
Montford,6.34,22/10/2023
Montford,4.26,05/11/2023
Montford,5.44,10/02/2024
Montford,5.49,14/12/2023
Montford,5.93,29/12/2023
Montford,6.58,03/01/2024
Montford,5.11,25/01/2024
Montford,5.34,23/02/2024
Moorend Road,0.77,20/10/2023
Moorend Road,0.55,02/11/2023
Moorend Road,0.77,09/02/2024
Moorend Road,0.58,12/12/2023
Moorend Road,0.68,30/12/2023
Moorend Road,0.68,02/01/2024
Moorend Road,0.5,22/01/2024
Moorend Road,0.64,22/02/2024
Mordiford,4.25,21/10/2023
Mordiford,3.89,05/11/2023
Mordiford,4.75,10/02/2024
Mordiford,4.13,13/12/2023
Mordiford,4.8,29/12/2023
Mordiford,5.24,03/01/2024
Mordiford,3.79,22/01/2024
Mordiford,4.63,23/02/2024
Mythe Bridge,4.29,22/10/2023
Mythe Bridge,3.51,06/11/2023
Mythe Bridge,4.36,10/02/2024
Mythe Bridge,4.08,11/12/2023
Mythe Bridge,4.28,01/01/2024
Mythe Bridge,4.83,04/01/2024
Mythe Bridge,2.6,27/01/2024
Mythe Bridge,0,22/02/2024
Newcastle Under Lyme,1.28,20/10/2023
Newcastle Under Lyme,0.8,02/11/2023
Newcastle Under Lyme,0.68,09/02/2024
Newcastle Under Lyme,0.91,09/12/2023
Newcastle Under Lyme,0.96,01/01/2024
Newcastle Under Lyme,1.29,02/01/2024
Newcastle Under Lyme,0.6,21/01/2024
Newcastle Under Lyme,1.07,22/02/2024
Newnham Bridge,3.94,20/10/2023
Newnham Bridge,1.44,04/11/2023
Newnham Bridge,2.46,09/02/2024
Newnham Bridge,1.77,09/12/2023
Newnham Bridge,1.87,02/01/2024
Newnham Bridge,2.65,02/01/2024
Newnham Bridge,1.18,22/01/2024
Newnham Bridge,2.2,22/02/2024
Nuneaton,1.81,20/10/2023
Nuneaton,1.21,02/11/2023
Nuneaton,1.71,09/02/2024
Nuneaton,1.25,10/12/2023
Nuneaton,1.43,31/12/2023
Nuneaton,2.12,02/01/2024
Nuneaton,0.94,22/01/2024
Nuneaton,1.48,22/02/2024
Oak Cottage,2.3,20/10/2023
Oak Cottage,0.72,04/11/2023
Oak Cottage,1.25,09/02/2024
Oak Cottage,0.71,09/12/2023
Oak Cottage,0.82,02/01/2024
Oak Cottage,1.28,02/01/2024
Oak Cottage,0.49,22/01/2024
Oak Cottage,0.96,22/02/2024
Offenham,1.96,20/10/2023
Offenham,1.47,05/11/2023
Offenham,2.1,09/02/2024
Offenham,1.62,09/12/2023
Offenham,1.76,31/12/2023
Offenham,1.88,02/01/2024
Offenham,0.65,22/01/2024
Offenham,1.85,22/02/2024
Old Budbrooke Road,1.26,20/10/2023
Old Budbrooke Road,0.5,04/11/2023
Old Budbrooke Road,0.87,09/12/2023
Old Budbrooke Road,1.12,01/01/2024
Old Budbrooke Road,1.46,02/01/2024
Old Budbrooke Road,0.46,22/01/2024
Onibury,3.74,20/10/2023
Onibury,2.06,02/11/2023
Onibury,2.44,09/02/2024
Onibury,2.09,12/12/2023
Onibury,2.21,27/12/2023
Onibury,2.74,02/01/2024
Onibury,1.47,22/01/2024
Onibury,2.51,22/02/2024
Packington,2.12,20/10/2023
Packington,0.9,02/11/2023
Packington,1.14,09/02/2024
Packington,0.9,09/12/2023
Packington,1.14,01/01/2024
Packington,1.91,02/01/2024
Packington,0.31,22/01/2024
Packington,1.55,22/02/2024
Park Hill,1.75,20/10/2023
Park Hill,0.88,04/11/2023
Park Hill,1.33,09/02/2024
Park Hill,0.94,09/12/2023
Park Hill,0.99,01/01/2024
Park Hill,1.49,02/01/2024
Park Hill,0.88,22/01/2024
Park Hill,1.57,22/02/2024
Parkend,0.38,20/10/2023
Parkend,0.3,04/11/2023
Parkend,0.85,09/02/2024
Parkend,0.57,09/12/2023
Parkend,0.68,02/01/2024
Parkend,0.78,02/01/2024
Parkend,0.51,22/01/2024
Parkend,0.5,22/02/2024
Penkridge,2.06,21/10/2023
Penkridge,1.67,05/11/2023
Penkridge,1.89,09/02/2024
Penkridge,1.66,09/12/2023
Penkridge,1.63,28/12/2023
Penkridge,2.08,03/01/2024
Penkridge,0.71,22/01/2024
Penkridge,2.01,22/02/2024
Perry Park,2.56,20/10/2023
Perry Park,1.45,04/11/2023
Perry Park,2.14,09/02/2024
Perry Park,1.45,09/12/2023
Perry Park,1.58,02/01/2024
Perry Park,2.43,02/01/2024
Perry Park,1.11,22/01/2024
Perry Park,2.28,22/02/2024
Pershore,4.49,21/10/2023
Pershore,3.54,02/11/2023
Pershore,4.63,10/02/2024
Pershore,3.92,13/12/2023
Pershore,4.15,01/01/2024
Pershore,4.79,03/01/2024
Pershore,3.54,22/01/2024
Pershore,4.3,23/02/2024
Peterchurch,0.78,20/10/2023
Peterchurch,0.92,04/11/2023
Peterchurch,1.24,09/02/2024
Peterchurch,0.93,09/12/2023
Peterchurch,1.04,02/01/2024
Peterchurch,1.9,02/01/2024
Peterchurch,0.76,22/01/2024
Peterchurch,0.98,22/02/2024
Polesworth,2.31,21/10/2023
Polesworth,1.35,05/11/2023
Polesworth,2.25,09/02/2024
Polesworth,1.36,09/12/2023
Polesworth,1.46,01/01/2024
Polesworth,2.58,03/01/2024
Polesworth,0.54,22/01/2024
Polesworth,2.02,23/02/2024
Prestbury Road,0.23,20/10/2023
Prestbury Road,0.11,04/11/2023
Prestbury Road,0.15,09/02/2024
Prestbury Road,0.14,12/12/2023
Prestbury Road,0.14,28/12/2023
Prestbury Road,0.12,02/01/2024
Prestbury Road,0.1,21/01/2024
Prestbury Road,0.15,22/02/2024
Puxton,3.36,21/10/2023
Puxton,1.78,05/11/2023
Puxton,2.77,09/02/2024
Puxton,1.94,09/12/2023
Puxton,1.72,27/12/2023
Puxton,2.79,03/01/2024
Puxton,1.56,22/01/2024
Puxton,2.72,23/02/2024
Quixhill,2.6,21/10/2023
Quixhill,2.62,03/11/2023
Quixhill,1.83,09/02/2024
Quixhill,2.03,10/12/2023
Quixhill,1.63,27/12/2023
Quixhill,2.58,03/01/2024
Quixhill,0.96,22/01/2024
Quixhill,1.93,22/02/2024
Rocester Dove,1.85,20/10/2023
Rocester Dove,1.41,03/11/2023
Rocester Dove,1.2,09/02/2024
Rocester Dove,1.32,09/12/2023
Rocester Dove,1.18,27/12/2023
Rocester Dove,1.58,02/01/2024
Rocester Dove,0.63,22/01/2024
Rocester Dove,1.26,22/02/2024
Rodington,1.59,21/10/2023
Rodington,1.26,05/11/2023
Rodington,1.49,10/02/2024
Rodington,1.42,10/12/2023
Rodington,1.32,29/12/2023
Rodington,1.61,03/01/2024
Rodington,0.73,23/01/2024
Rodington,1.44,23/02/2024
Ross On Wye,3.7,21/10/2023
Ross On Wye,3.42,05/11/2023
Ross On Wye,4.22,10/02/2024
Ross On Wye,3.6,13/12/2023
Ross On Wye,4.28,29/12/2023
Ross On Wye,4.81,04/01/2024
Ross On Wye,3.22,23/01/2024
Ross On Wye,4.01,23/02/2024
Rothwell Road,0.8,20/10/2023
Rothwell Road,0.2,04/11/2023
Rothwell Road,0.39,09/12/2023
Rothwell Road,0.72,01/01/2024
Rothwell Road,0.83,02/01/2024
Rothwell Road,0.15,22/01/2024
Rugby,2.18,21/10/2023
Rugby,1.98,03/11/2023
Rugby,3.16,09/02/2024
Rugby,1.93,11/12/2023
Rugby,2.69,31/12/2023
Rugby,3.67,03/01/2024
Rugby,1.33,22/01/2024
Rugby,2.45,23/02/2024
Saintbridge,3.03,20/10/2023
Saintbridge,0.06,02/11/2023
Saintbridge,2.46,09/02/2024
Saintbridge,0.09,10/12/2023
Saintbridge,0.25,31/12/2023
Saintbridge,1.25,02/01/2024
Saintbridge,0.09,22/01/2024
Saintbridge,0.66,22/02/2024
Sandford Bridge,0.31,20/10/2023
Sandford Bridge,0.26,04/11/2023
Sandford Bridge,0.37,09/02/2024
Sandford Bridge,0.32,09/12/2023
Sandford Bridge,0.33,02/01/2024
Sandford Bridge,0.39,02/01/2024
Sandford Bridge,0.29,22/01/2024
Sandford Bridge,0.36,22/02/2024
Sandford Park,0.72,20/10/2023
Sandford Park,0.46,02/11/2023
Sandford Park,0.44,12/12/2023
Sandford Park,0.69,30/12/2023
Sandford Park,0.75,02/01/2024
Sandford Park,0.33,22/01/2024
Sandhurst,3.75,28/10/2023
Sandhurst,3.1,01/11/2023
Sandhurst,4.35,12/02/2024
Sandhurst,3.38,14/12/2023
Sandhurst,3.77,01/01/2024
Sandhurst,5.01,05/01/2024
Sandhurst,2.59,25/01/2024
Sandhurst,4.32,25/02/2024
Sandhurst Hatherley Brook,3.59,25/10/2023
Sandhurst Hatherley Brook,2.92,06/11/2023
Sandhurst Hatherley Brook,3.94,12/02/2024
Sandhurst Hatherley Brook,3.41,13/12/2023
Sandhurst Hatherley Brook,3.68,02/01/2024
Sandhurst Hatherley Brook,5.03,05/01/2024
Sandhurst Hatherley Brook,2.33,25/01/2024
Sandhurst Hatherley Brook,4.24,25/02/2024
Sandhurst Horn's Ditch,1.49,31/10/2023
Sandhurst Horn's Ditch,1.61,07/11/2023
Sandhurst Horn's Ditch,3.48,12/02/2024
Sandhurst Horn's Ditch,1.54,13/12/2023
Sandhurst Horn's Ditch,1.78,02/01/2024
Sandhurst Horn's Ditch,4.17,05/01/2024
Sandhurst Horn's Ditch,1.26,26/01/2024
Sandhurst Horn's Ditch,3.46,25/02/2024
Saxons Lode,5.2,22/10/2023
Saxons Lode,4.08,06/11/2023
Saxons Lode,3.06,10/02/2024
Saxons Lode,4.73,14/12/2023
Saxons Lode,5.07,02/01/2024
Saxons Lode,5.48,04/01/2024
Saxons Lode,3.08,27/01/2024
Saxons Lode,5.04,23/02/2024
Sedgeberrow,1.79,20/10/2023
Sedgeberrow,1.03,04/11/2023
Sedgeberrow,2.25,09/02/2024
Sedgeberrow,1.38,09/12/2023
Sedgeberrow,1.73,31/12/2023
Sedgeberrow,1.61,02/01/2024
Sedgeberrow,0.67,22/01/2024
Sedgeberrow,1.59,22/02/2024
Selly Park,1.73,20/10/2023
Selly Park,0.46,04/11/2023
Selly Park,1.43,09/02/2024
Selly Park,0.75,10/12/2023
Selly Park,0.97,01/01/2024
Selly Park,1.14,02/01/2024
Selly Park,0.68,22/01/2024
Selly Park,1.14,22/02/2024
Shallowford,1.22,21/10/2023
Shallowford,0.87,03/11/2023
Shallowford,0.94,09/02/2024
Shallowford,1.02,10/12/2023
Shallowford,1.05,28/12/2023
Shallowford,1.24,02/01/2024
Shallowford,0.56,22/01/2024
Shallowford,1.08,22/02/2024
Sheepwash,2.38,20/10/2023
Sheepwash,1.11,04/11/2023
Sheepwash,1.76,09/02/2024
Sheepwash,1.13,10/12/2023
Sheepwash,1.25,01/01/2024
Sheepwash,1.6,02/01/2024
Sheepwash,1.17,22/01/2024
Sheepwash,1.98,22/02/2024
Shelley Close,1.35,19/10/2023
Shelley Close,1.2,02/11/2023
Shelley Close,1.44,10/02/2024
Shelley Close,1.36,10/12/2023
Shelley Close,1.36,28/12/2023
Shelley Close,1.4,02/01/2024
Shelley Close,1.41,22/01/2024
Shelley Close,1.37,22/02/2024
Shepherd Road,1.15,20/10/2023
Shepherd Road,0.31,04/11/2023
Shepherd Road,0.54,09/02/2024
Shepherd Road,0.34,10/12/2023
Shepherd Road,0.38,31/12/2023
Shepherd Road,0.49,02/01/2024
Shepherd Road,0.5,21/01/2024
Shepherd Road,0.56,22/02/2024
Shifnal,1,20/10/2023
Shifnal,0.56,04/11/2023
Shifnal,0.53,09/02/2024
Shifnal,0.48,09/12/2023
Shifnal,0.5,01/01/2024
Shifnal,0.6,02/01/2024
Shifnal,0.28,22/01/2024
Shifnal,0.59,22/02/2024
Shipston,3.21,20/10/2023
Shipston,1.89,02/11/2023
Shipston,3.18,09/02/2024
Shipston,2.63,09/12/2023
Shipston,3.09,31/12/2023
Shipston,3.24,02/01/2024
Shipston,1.36,22/01/2024
Shipston,2.93,22/02/2024
Sir Henry Parkes Road,1.44,20/10/2023
Sir Henry Parkes Road,0.53,04/11/2023
Sir Henry Parkes Road,1.28,09/02/2024
Sir Henry Parkes Road,0.9,10/12/2023
Sir Henry Parkes Road,1.12,28/12/2023
Sir Henry Parkes Road,1.33,02/01/2024
Sir Henry Parkes Road,0.83,22/01/2024
Sir Henry Parkes Road,1.11,22/02/2024
Slad Road,0.82,20/10/2023
Slad Road,0.47,04/11/2023
Slad Road,0.48,09/02/2024
Slad Road,0.34,14/12/2023
Slad Road,0.46,02/01/2024
Slad Road,0.69,02/01/2024
Slad Road,0.28,22/01/2024
Slad Road,0.34,22/02/2024
Slad Steanbridge Lane,0.58,20/10/2023
Slad Steanbridge Lane,0.45,02/11/2023
Slad Steanbridge Lane,0.46,09/02/2024
Slad Steanbridge Lane,0.45,09/12/2023
Slad Steanbridge Lane,0.45,01/01/2024
Slad Steanbridge Lane,0.48,02/01/2024
Slad Steanbridge Lane,0.38,22/01/2024
Solihull Lodge,1.7,20/10/2023
Solihull Lodge,0.75,04/11/2023
Solihull Lodge,1.49,09/02/2024
Solihull Lodge,1.01,09/12/2023
Solihull Lodge,1.2,02/01/2024
Solihull Lodge,1.52,02/01/2024
Solihull Lodge,0.72,22/01/2024
Solihull Lodge,1.3,22/02/2024
Southam,1.37,21/10/2023
Southam,1.39,03/11/2023
Southam,1.94,09/02/2024
Southam,1.51,09/12/2023
Southam,1.88,31/12/2023
Southam,2,02/01/2024
Southam,0.38,22/01/2024
Southam,1.73,22/02/2024
Stafford,0.89,20/10/2023
Stafford,0.61,04/11/2023
Stafford,0.48,09/02/2024
Stafford,0.53,12/12/2023
Stafford,0.63,28/12/2023
Stafford,0.75,02/01/2024
Stafford,0.26,21/01/2024
Stafford,0.77,22/02/2024
Stanford Bridge,5.7,20/10/2023
Stanford Bridge,3.07,05/11/2023
Stanford Bridge,4.97,09/02/2024
Stanford Bridge,3.28,13/12/2023
Stanford Bridge,3.53,28/12/2023
Stanford Bridge,5.26,03/01/2024
Stanford Bridge,1.52,22/01/2024
Stanford Bridge,4.57,22/02/2024
Stareton,1.08,22/10/2023
Stareton,0.99,04/11/2023
Stareton,2.22,10/02/2024
Stareton,1.16,11/12/2023
Stareton,1.77,01/01/2024
Stareton,2.58,03/01/2024
Stareton,0.68,23/01/2024
Stareton,1.62,23/02/2024
Stoke Prior,1.95,20/10/2023
Stoke Prior,0.49,04/11/2023
Stoke Prior,1.38,09/02/2024
Stoke Prior,1.1,10/12/2023
Stoke Prior,1.42,01/01/2024
Stoke Prior,1.52,02/01/2024
Stoke Prior,0.92,22/01/2024
Stoke Prior,1.57,22/02/2024
Stoke Prior Hanbury Lane,1.47,20/10/2023
Stoke Prior Hanbury Lane,0.47,04/11/2023
Stoke Prior Hanbury Lane,0.96,10/12/2023
Stoke Prior Hanbury Lane,1.18,02/01/2024
Stoke Prior Hanbury Lane,1.32,02/01/2024
Stoke Prior Hanbury Lane,0.56,22/01/2024
Stoke-On-Trent,1.16,20/10/2023
Stoke-On-Trent,1.05,02/11/2023
Stoke-On-Trent,0.63,09/02/2024
Stoke-On-Trent,0.79,09/12/2023
Stoke-On-Trent,0.91,01/01/2024
Stoke-On-Trent,1.29,02/01/2024
Stoke-On-Trent,0.46,21/01/2024
Stoke-On-Trent,0.93,22/02/2024
Stourbridge,1.86,20/10/2023
Stourbridge,0.86,04/11/2023
Stourbridge,1.46,09/02/2024
Stourbridge,0.88,10/12/2023
Stourbridge,1.03,01/01/2024
Stourbridge,1.38,02/01/2024
Stourbridge,0.8,22/01/2024
Stourbridge,1.32,22/02/2024
Stourton,2.93,20/10/2023
Stourton,1.11,04/11/2023
Stourton,2.31,09/02/2024
Stourton,1.23,09/12/2023
Stourton,1.21,02/01/2024
Stourton,2.24,02/01/2024
Stourton,0.88,22/01/2024
Stourton,2.19,22/02/2024
Stratford,1.2,21/10/2023
Stratford,1.03,05/11/2023
Stratford,2.01,10/02/2024
Stratford,1.24,11/12/2023
Stratford,1.68,01/01/2024
Stratford,2.27,03/01/2024
Stratford,0.9,24/01/2024
Stratford,1.57,23/02/2024
Studley,2.62,20/10/2023
Studley,0.96,04/11/2023
Studley,2.02,09/02/2024
Studley,1.37,10/12/2023
Studley,1.59,28/12/2023
Studley,2,02/01/2024
Studley,1.06,22/01/2024
Studley,1.78,22/02/2024
Sutton Bridge,3.68,20/10/2023
Sutton Bridge,1.65,04/11/2023
Sutton Bridge,2.91,09/02/2024
Sutton Bridge,1.57,09/12/2023
Sutton Bridge,2.18,02/01/2024
Sutton Bridge,3.09,02/01/2024
Sutton Bridge,1.8,22/01/2024
Sutton Bridge,2.85,22/02/2024
Sutton Mill,1.84,20/10/2023
Sutton Mill,1.57,03/11/2023
Sutton Mill,1.68,09/02/2024
Sutton Mill,1.63,09/12/2023
Sutton Mill,1.69,27/12/2023
Sutton Mill,1.75,02/01/2024
Sutton Mill,0.91,22/01/2024
Sutton Mill,1.71,22/02/2024
Swans Barn,2.83,20/10/2023
Swans Barn,1.65,04/11/2023
Swans Barn,2.6,09/02/2024
Swans Barn,1.99,10/12/2023
Swans Barn,2.02,02/01/2024
Swans Barn,2.72,02/01/2024
Swans Barn,1.76,22/01/2024
Swans Barn,2.4,22/02/2024
Swindon,2.47,20/10/2023
Swindon,1.92,05/11/2023
Swindon,2.29,09/02/2024
Swindon,2.04,09/12/2023
Swindon,1.85,02/01/2024
Swindon,2.41,02/01/2024
Swindon,1.62,22/01/2024
Swindon,2.39,22/02/2024
Tamworth,2.57,21/10/2023
Tamworth,1.59,05/11/2023
Tamworth,2.4,10/02/2024
Tamworth,1.68,11/12/2023
Tamworth,1.64,29/12/2023
Tamworth,2.65,03/01/2024
Tamworth,1.24,22/01/2024
Tamworth,2.23,23/02/2024
Temple Mill,1.76,20/10/2023
Temple Mill,1.44,05/11/2023
Temple Mill,1.59,09/02/2024
Temple Mill,1.33,09/12/2023
Temple Mill,1.34,31/12/2023
Temple Mill,1.7,02/01/2024
Temple Mill,0.57,22/01/2024
Temple Mill,1.6,22/02/2024
Tenbury,5.53,21/10/2023
Tenbury,2.56,05/11/2023
Tenbury,4.19,09/02/2024
Tenbury,2.86,13/12/2023
Tenbury,3,28/12/2023
Tenbury,5.06,02/01/2024
Tenbury,1.46,22/01/2024
Tenbury,3.73,22/02/2024
Tenbury Kyre Brook,2.46,21/10/2023
Tenbury Kyre Brook,0.43,02/11/2023
Tenbury Kyre Brook,1.81,09/02/2024
Tenbury Kyre Brook,0.43,12/12/2023
Tenbury Kyre Brook,1.08,02/01/2024
Tenbury Kyre Brook,2.38,02/01/2024
Tenbury Kyre Brook,0.92,22/01/2024
Tenbury Kyre Brook,1.52,22/02/2024
Tewkesbury Pound Lower,4.37,22/10/2023
Tewkesbury Pound Lower,3.57,06/11/2023
Tewkesbury Pound Lower,4.4,10/02/2024
Tewkesbury Pound Lower,4.12,11/12/2023
Tewkesbury Pound Lower,4.29,02/01/2024
Tewkesbury Pound Lower,4.91,04/01/2024
Tewkesbury Pound Lower,2.56,27/01/2024
Tewkesbury Pound Lower,4.31,24/02/2024
The Causeway,2,20/10/2023
The Causeway,0.74,04/11/2023
The Causeway,1.88,11/02/2024
The Causeway,0.72,12/12/2023
The Causeway,0.74,01/01/2024
The Causeway,1.45,06/01/2024
The Causeway,0.99,21/01/2024
The Causeway,1.05,22/02/2024
Three Elms,0.34,20/10/2023
Three Elms,0.17,04/11/2023
Three Elms,0.57,09/02/2024
Three Elms,0.27,11/12/2023
Three Elms,0.36,31/12/2023
Three Elms,0.65,02/01/2024
Three Elms,0.2,22/01/2024
Three Elms,0.36,22/02/2024
Titley Mill,1.59,20/10/2023
Titley Mill,1.16,04/11/2023
Titley Mill,1.43,09/02/2024
Titley Mill,1.06,12/12/2023
Titley Mill,1.55,02/01/2024
Titley Mill,2.24,02/01/2024
Titley Mill,0.8,22/01/2024
Titley Mill,1.33,22/02/2024
Toddington,1.36,20/10/2023
Toddington,0.76,04/11/2023
Toddington,1.3,09/02/2024
Toddington,1.03,09/12/2023
Toddington,1.19,31/12/2023
Toddington,1.13,02/01/2024
Toddington,0.61,22/01/2024
Toddington,1.14,22/02/2024
Torrington Avenue,1.21,20/10/2023
Torrington Avenue,0.96,04/11/2023
Torrington Avenue,1.33,09/02/2024
Torrington Avenue,1.19,10/12/2023
Torrington Avenue,1.01,01/01/2024
Torrington Avenue,1.44,02/01/2024
Torrington Avenue,0.65,22/01/2024
Torrington Avenue,1.7,22/02/2024
Upper Pound,4.38,22/10/2023
Upper Pound,3.56,06/11/2023
Upper Pound,4.41,10/02/2024
Upper Pound,4.13,11/12/2023
Upper Pound,4.3,02/01/2024
Upper Pound,4.92,04/01/2024
Upper Pound,2.58,27/01/2024
Upper Pound,4.32,24/02/2024
Upper Tean,1.54,20/10/2023
Upper Tean,1.44,02/11/2023
Upper Tean,0.99,09/02/2024
Upper Tean,1.15,09/12/2023
Upper Tean,1.32,02/01/2024
Upper Tean,1.51,02/01/2024
Upper Tean,0.51,22/01/2024
Upper Tean,1.02,22/02/2024
Uttoxeter Park,1.43,20/10/2023
Uttoxeter Park,0.82,04/11/2023
Uttoxeter Park,0.91,09/02/2024
Uttoxeter Park,0.82,09/12/2023
Uttoxeter Park,0.97,01/01/2024
Uttoxeter Park,1.03,02/01/2024
Uttoxeter Park,0.36,22/01/2024
Uttoxeter Park,1.05,22/02/2024
Walcot,2.8,21/10/2023
Walcot,2.22,05/11/2023
Walcot,2.41,10/02/2024
Walcot,2.36,10/12/2023
Walcot,2.19,29/12/2023
Walcot,2.71,03/01/2024
Walcot,1.35,23/01/2024
Walcot,2.48,23/02/2024
Wallgrange,2.02,20/10/2023
Wallgrange,2.13,03/11/2023
Wallgrange,1.03,09/02/2024
Wallgrange,1.58,10/12/2023
Wallgrange,1.46,02/01/2024
Wallgrange,1.96,02/01/2024
Wallgrange,0.67,22/01/2024
Wallgrange,1.62,22/02/2024
Walsall,1.52,20/10/2023
Walsall,0.72,05/11/2023
Walsall,1.1,09/02/2024
Walsall,0.68,09/12/2023
Walsall,0.69,02/01/2024
Walsall,1.41,02/01/2024
Walsall,0.35,21/01/2024
Walsall,1.08,22/02/2024
Walton,2.62,20/10/2023
Walton,2.01,05/11/2023
Walton,2.6,09/02/2024
Walton,2.07,09/12/2023
Walton,2.46,31/12/2023
Walton,2.64,02/01/2024
Walton,0.93,22/01/2024
Walton,2.55,22/02/2024
Warwick,2.14,21/10/2023
Warwick,1.85,04/11/2023
Warwick,3.33,10/02/2024
Warwick,2.23,11/12/2023
Warwick,2.82,01/01/2024
Warwick,3.65,03/01/2024
Warwick,1.51,23/01/2024
Warwick,2.73,23/02/2024
Water Orton,2.75,20/10/2023
Water Orton,1.43,04/11/2023
Water Orton,2.46,09/02/2024
Water Orton,1.68,10/12/2023
Water Orton,2.03,01/01/2024
Water Orton,2.53,02/01/2024
Water Orton,1.35,22/01/2024
Water Orton,2.38,22/02/2024
Waterhouses,1.98,20/10/2023
Waterhouses,1.55,02/11/2023
Waterhouses,0.92,09/02/2024
Waterhouses,1.01,09/12/2023
Waterhouses,1.22,02/01/2024
Waterhouses,1.24,02/01/2024
Waterhouses,0.58,22/01/2024
Waterhouses,1.05,22/02/2024
Wedderburn Bridge,2.41,21/10/2023
Wedderburn Bridge,2.11,05/11/2023
Wedderburn Bridge,2.75,09/02/2024
Wedderburn Bridge,2.38,10/12/2023
Wedderburn Bridge,2.39,01/01/2024
Wedderburn Bridge,2.5,03/01/2024
Wedderburn Bridge,2.03,23/01/2024
Wedderburn Bridge,2.54,23/02/2024
Wedgnock Lane,1.49,20/10/2023
Wedgnock Lane,0.64,02/11/2023
Wedgnock Lane,0.96,09/12/2023
Wedgnock Lane,1.21,01/01/2024
Wedgnock Lane,1.55,02/01/2024
Wedgnock Lane,0.63,22/01/2024
Wellesbourne,1.43,20/10/2023
Wellesbourne,0.57,05/11/2023
Wellesbourne,1.52,09/02/2024
Wellesbourne,0.62,09/12/2023
Wellesbourne,1.28,31/12/2023
Wellesbourne,1.6,02/01/2024
Wellesbourne,0.35,22/01/2024
Wellesbourne,1.44,22/02/2024
Welsh Bridge,4.14,22/10/2023
Welsh Bridge,2.23,05/11/2023
Welsh Bridge,3.02,10/02/2024
Welsh Bridge,3,14/12/2023
Welsh Bridge,3.69,30/12/2023
Welsh Bridge,4.69,04/01/2024
Welsh Bridge,2.66,25/01/2024
Welsh Bridge,2.92,24/02/2024
Wightwick,0.83,20/10/2023
Wightwick,0.35,04/11/2023
Wightwick,0.54,09/02/2024
Wightwick,0.39,09/12/2023
Wightwick,0.38,01/01/2024
Wightwick,0.62,02/01/2024
Wightwick,0.29,21/01/2024
Wightwick,0.8,22/02/2024
Windyridge Road,1.51,20/10/2023
Windyridge Road,1.17,02/11/2023
Windyridge Road,1.26,09/02/2024
Windyridge Road,1.08,09/12/2023
Windyridge Road,1.24,30/12/2023
Windyridge Road,1.18,02/01/2024
Windyridge Road,1.07,21/01/2024
Windyridge Road,1.15,22/02/2024
Witcombe,0.83,20/10/2023
Witcombe,0.41,04/11/2023
Witcombe,0.86,09/02/2024
Witcombe,0.51,12/12/2023
Witcombe,0.71,30/12/2023
Witcombe,0.77,02/01/2024
Witcombe,0.48,22/01/2024
Witcombe,0.46,22/02/2024
Wombourne,1.54,20/10/2023
Wombourne,0.59,04/11/2023
Wombourne,0.68,09/12/2023
Wombourne,0.78,02/01/2024
Wombourne,1.16,02/01/2024
Wombourne,0.46,22/01/2024
Worcester,5.2,22/10/2023
Worcester,3.58,05/11/2023
Worcester,4.98,10/02/2024
Worcester,4.42,14/12/2023
Worcester,5.08,01/01/2024
Worcester,5.63,05/01/2024
Worcester,2.87,26/01/2024
Worcester,4.86,23/02/2024
Wyre Piddle,2.07,20/10/2023
Wyre Piddle,0.99,03/11/2023
Wyre Piddle,1.98,09/02/2024
Wyre Piddle,1.4,09/12/2023
Wyre Piddle,1.36,29/12/2023
Wyre Piddle,1.79,02/01/2024
Wyre Piddle,0.84,22/01/2024
Wyre Piddle,1.64,23/02/2024
Yarkhill,2.49,21/10/2023
Yarkhill,1.22,05/11/2023
Yarkhill,2.61,09/02/2024
Yarkhill,1.94,09/12/2023
Yarkhill,2.12,28/12/2023
Yarkhill,2.56,02/01/2024
Yarkhill,1.6,22/01/2024
Yarkhill,2.51,23/02/2024
Yeaton,0.77,23/10/2023
Yeaton,0.56,03/11/2023
Yeaton,0.83,09/02/2024
Yeaton,0.72,10/12/2023
Yeaton,0.69,01/01/2024
Yeaton,0.86,02/01/2024
Yeaton,0.65,23/01/2024
Yeaton,0.78,22/02/2024
Yoxall,2.56,22/10/2023
Yoxall,2.25,05/11/2023
Yoxall,2.3,10/02/2024
Yoxall,2.31,10/12/2023
Yoxall,2.2,29/12/2023
Yoxall,2.59,04/01/2024
Yoxall,1.14,22/01/2024
Yoxall,2.42,24/02/2024
Zoons Court River Level,1.76,20/10/2023
Zoons Court River Level,0.91,04/11/2023
Zoons Court River Level,1.98,09/02/2024
Zoons Court River Level,0.66,09/12/2023
Zoons Court River Level,1.08,30/12/2023
Zoons Court River Level,1.3,02/01/2024
Zoons Court River Level,0.87,22/01/2024
Zoons Court River Level,0.87,22/02/2024
Bewdley,5.82,01/01/1947
Bewdley,5.56,02/11/2000
Bewdley,5.48,26/02/2020
Bewdley,5.43,23/01/2021
Bewdley,5.34,23/02/2022
Bewdley,5.31,13/12/2000
Bewdley,5.24,19/02/2020
Bewdley,5.16,09/11/2000
Bewdley,5.04,12/02/2014
Bewdley,4.99,30/10/1998
Bewdley,4.91,22/01/2008
Bewdley,4.9,07/02/2004
Bewdley,4.85,15/01/2023
Bewdley,4.7,09/02/2014
Bewdley,4.67,25/12/1993
Bewdley,4.66,27/10/1998
Bewdley,4.63,14/02/2002
Bewdley,4.63,13/01/2007
Bewdley,4.58,29/10/2019
Bewdley,4,24/12/2020
Bransford,6.08,21/07/2007
Bransford,5.9,16/02/2020
Bransford,5.71,27/07/2007
Bransford,5.42,03/02/2002
Bransford,5.41,27/10/2019
Bransford,5.38,01/03/1955
Bransford,5.37,06/09/2008
Bransford,5.36,15/07/2012
Bransford,5.22,22/01/2021
Bransford,5.21,09/12/2000
Bransford,5.17,31/10/2000
Bransford,5.14,01/01/1990
Bransford,5.12,25/11/2012
Bransford,5.1,22/02/2022
Bransford,5.09,07/11/2000
Bransford,4.99,27/12/2012
Bransford,4.98,16/01/2008
Bransford,4.97,24/12/2020
Bransford,4.92,13/01/2023
Bransford,4.75,29/02/2020
Bredwardine,6.99,16/02/2020
Bredwardine,6.6,20/01/2021
Bredwardine,6.56,21/02/2022
Bredwardine,6.55,27/10/2019
Bredwardine,6.52,03/02/2002
Bredwardine,6.44,12/01/2023
Bredwardine,6.42,23/10/1998
Bredwardine,6.4,28/12/1994
Bredwardine,6.3,07/03/1998
Bredwardine,6.25,31/10/2000
Bredwardine,6.2,06/09/2008
Bredwardine,6.2,05/02/2004
Bredwardine,5.91,14/10/2018
Bredwardine,5.5,19/12/2020
Bredwardine,5.46,15/01/2023
Bredwardine,5.38,29/02/2020
Bredwardine,4.89,16/03/2019
Bridgnorth,6.02,01/03/1947
Bridgnorth,5.26,02/11/2000
Bridgnorth,5.19,26/02/2020
Bridgnorth,5.15,23/01/2021
Bridgnorth,5.12,23/02/2022
Bridgnorth,5.04,18/02/2020
Bridgnorth,5,13/12/2000
Bridgnorth,4.83,22/01/2008
Bridgnorth,4.75,14/01/2023
Bridgnorth,4.72,28/10/2019
Bridgnorth,4.66,02/03/2020
Bridgnorth,4.55,09/02/2014
Bridgnorth,4.55,17/02/2014
Bridgnorth,4.45,27/07/2007
Bridgnorth,4.45,02/02/2012
Bridgnorth,4.43,08/02/2011
Bridgnorth,4.3,15/06/2019
Bridgnorth,4.24,19/03/2019
Bridgnorth,4.15,24/12/2020
Buildwas,7.5,01/12/1946
Buildwas,7.4,01/12/1947
Buildwas,7.04,02/11/2000
Buildwas,6.79,26/02/2020
Buildwas,6.71,23/02/2021
Buildwas,6.65,22/02/2022
Buildwas,6.56,13/12/2000
Buildwas,6.52,18/02/2020
Buildwas,6.37,08/11/2000
Buildwas,6.17,06/02/2004
Buildwas,6.15,29/10/1998
Buildwas,6.05,22/01/2008
Buildwas,6.02,11/02/2014
Buildwas,5.89,13/02/2002
Buildwas,5.84,14/01/2023
Buildwas,5.82,24/12/1993
Buildwas,5.78,13/01/2007
Buildwas,5.77,10/12/2006
Buildwas,5.76,26/10/1998
Buildwas,5.68,28/10/2019
Buildwas,5.35,08/02/2011
Buildwas,5.29,11/02/2016
Buildwas,5.19,30/01/2014
Buildwas,5.05,03/12/2015
Buildwas,5.03,19/03/2019
Buildwas,4.94,15/06/2019
Buildwas,4.86,23/07/2007
Crew Green,6.59,01/12/1960
Crew Green,6.58,22/02/2022
Crew Green,6.57,31/10/2000
Crew Green,6.55,25/02/2020
Crew Green,6.54,01/01/1998
Crew Green,6.47,28/10/1998
Crew Green,6.46,02/02/2002
Crew Green,6.45,01/12/2015
Crew Green,6.44,12/02/2002
Crew Green,6.43,05/02/2004
Crew Green,6.43,27/10/2019
Crew Green,6.42,12/01/2023
Crew Green,6.4,09/02/2016
Crew Green,6.38,10/02/2014
Crew Green,6.36,12/01/2007
Crew Green,6.35,07/02/2011
Crew Green,6.28,29/01/2014
Crew Green,6.25,17/03/2019
Crew Green,6.23,19/12/2015
Crew Green,6.2,13/06/2019
Crew Green,6.15,21/07/2007
Crew Green,6.11,28/12/2020
Diglis,5.58,26/02/2020
Diglis,5.3,13/02/2014
Diglis,5.28,24/01/2021
Diglis,5.08,17/02/2020
Diglis,5.08,21/07/2007
Diglis,5.05,23/02/2022
Diglis,5.05,23/01/2008
Diglis,5.04,23/01/2008
Diglis,4.94,29/10/2019
Diglis,4.92,15/01/2023
Diglis,4.88,23/12/2012
Diglis,4.75,24/12/2020
Diglis,4.75,01/02/2014
Diglis,4.74,14/01/2007
Diglis,4.72,16/11/2019
Diglis,4.72,28/11/2012
Diglis,4.71,01/02/2014
Diglis,4.7,07/09/2008
Diglis,4.7,27/06/2007
Diglis,4.2,20/03/2019
Diglis,4.07,27/07/2007
Diglis,3.69,16/06/2019
Evesham,5.52,21/07/2007
Evesham,5.23,10/04/1998
Evesham,4.66,01/01/1947
Evesham,4.24,12/07/1968
Evesham,3.98,15/11/2019
Evesham,3.96,25/11/2012
Evesham,3.79,31/12/1981
Evesham,3.48,22/11/2012
Evesham,3.42,31/01/2021
Evesham,3.35,10/03/2016
Evesham,3.27,16/02/2020
Evesham,2.6,13/01/2023
Evesham,2.35,29/02/2020
Evesham,2.13,21/02/2022
Gloucester,4.97,01/03/1947
Gloucester,4.92,23/07/2007
Gloucester,4.6,15/12/2000
Gloucester,4.48,13/02/2014
Gloucester,4.44,19/02/2020
Gloucester,4.38,03/02/1990
Gloucester,4.37,10/02/2014
Gloucester,4.32,27/11/2012
Gloucester,4.31,01/02/2021
Gloucester,4.24,01/02/2014
Gloucester,4.2,26/12/2012
Gloucester,4.2,28/02/2020
Gloucester,4.15,01/01/1995
Gloucester,4.08,18/11/2019
Gloucester,4.05,03/01/2014
Gloucester,3.98,28/12/2020
Gloucester,3.97,11/03/2020
Gloucester,3.8,17/01/2023
Gloucester,3.78,02/03/2014
Gloucester,3.75,24/12/1999
Gloucester,3.74,20/02/2022
Gloucester,3.66,22/03/2019
Gloucester,3.23,16/06/2019
Kempsey Yacht Club,7.47,17/02/2020
Kempsey Yacht Club,7.46,21/07/2007
Kempsey Yacht Club,7.33,22/01/2021
Kempsey Yacht Club,7.2,26/02/2020
Kempsey Yacht Club,7.19,28/10/2019
Kempsey Yacht Club,7.18,25/12/2020
Kempsey Yacht Club,7.14,12/02/2014
Kempsey Yacht Club,7.09,22/02/2022
Kempsey Yacht Club,7.03,15/01/2023
Kempsey Yacht Club,6.97,27/07/2007
Kempsey Yacht Club,6.93,26/11/2012
Kempsey Yacht Club,6.92,07/09/2008
Kempsey Yacht Club,6.92,23/12/2012
Kempsey Yacht Club,6.81,23/01/2008
Kempsey Yacht Club,6.8,01/02/2014
Kempsey Yacht Club,6.74,08/02/2004
Kempsey Yacht Club,6.65,14/01/2007
Kempsey Yacht Club,6.49,07/03/2007
Kempsey Yacht Club,6.49,12/02/2016
Kempsey Yacht Club,6.31,11/01/2016
Kempsey Yacht Club,6.31,11/11/2008
Kempsey Yacht Club,6.21,23/11/2016
Leintwardine,2.51,16/02/2020
Leintwardine,2.34,21/01/2021
Leintwardine,2.33,15/11/2019
Leintwardine,2.31,21/07/2007
Leintwardine,2.29,27/10/2019
Leintwardine,2.25,21/02/2022
Leintwardine,2.14,30/10/2000
Leintwardine,2.07,01/12/1979
Leintwardine,2.03,01/10/1998
Leintwardine,1.91,08/12/2000
Leintwardine,1.8,02/02/2002
Leintwardine,1.76,28/11/2012
Leintwardine,1.71,09/11/2005
Leintwardine,1.58,19/12/2020
Leintwardine,1.57,17/01/2010
Leintwardine,1.54,30/12/2012
Llanyblodwel,2.68,06/08/1973
Llanyblodwel,2.62,02/01/1991
Llanyblodwel,2.56,06/11/2000
Llanyblodwel,2.49,20/01/2021
Llanyblodwel,2.43,23/02/1991
Llanyblodwel,2.37,30/10/2000
Llanyblodwel,2.37,10/01/1986
Llanyblodwel,2.36,09/02/2020
Llanyblodwel,2.28,20/02/2022
Llanyblodwel,2.14,18/01/2007
Llanyblodwel,2.11,06/02/2011
Llanyblodwel,2.11,11/02/2020
Llanyblodwel,2.11,24/02/2020
Llanyblodwel,1.7,12/01/2023
Llanyblodwel,1.69,26/10/2019
Llanyblodwel,1.68,19/12/2020
Llanyblodwel,1.39,20/07/2007
Llanymynech,5.31,21/02/2022
Llanymynech,5.19,06/02/2011
Llanymynech,5.13,21/01/2021
Llanymynech,5.11,01/12/2015
Llanymynech,5.04,16/02/2020
Llanymynech,5.01,11/02/2002
Llanymynech,4.88,30/10/2000
Llanymynech,4.87,23/02/2020
Llanymynech,4.82,06/08/1973
Llanymynech,4.77,27/01/2013
Llanymynech,4.69,18/11/2009
Llanymynech,4.68,06/11/2000
Llanymynech,4.61,17/03/2019
Llanymynech,4.6,28/10/1998
Llanymynech,4.57,05/01/2023
Llanymynech,4.53,13/12/2014
Llanymynech,4.44,05/02/2004
Llanymynech,4.32,27/12/2020
Llanymynech,4.27,12/07/2019
Montford,7.13,01/01/1946
Montford,7.03,21/02/2022
Montford,7.01,25/02/2020
Montford,6.96,01/11/2000
Montford,6.94,05/12/1960
Montford,6.91,25/02/2020
Montford,6.86,17/02/2020
Montford,6.85,21/01/2021
Montford,6.73,29/10/1998
Montford,6.72,11/12/1965
Montford,6.72,17/02/2020
Montford,6.72,19/12/1965
Montford,6.7,14/12/1964
Montford,6.67,15/01/1968
Montford,6.66,12/02/2002
Montford,6.62,05/02/2004
Montford,6.57,12/12/2000
Montford,6.56,07/02/2011
Montford,6.55,21/01/2008
Montford,6.51,13/01/2023
Montford,6.29,02/12/2015
Montford,6.26,27/10/2019
Montford,6.07,18/03/2019
Montford,5.93,14/06/2019
Montford,5.92,14/12/2015
Montford,5.78,22/07/2007
Montford,5.66,28/12/2020
Mythe Bridge,5.5,23/07/2007
Mythe Bridge,5.3,02/01/1947
Mythe Bridge,5.06,01/01/1947
Mythe Bridge,4.71,14/12/2000
Mythe Bridge,4.66,18/02/2020
Mythe Bridge,4.61,13/02/2014
Mythe Bridge,4.57,09/10/2000
Mythe Bridge,4.52,26/11/2012
Mythe Bridge,4.52,10/02/2014
Mythe Bridge,4.46,11/04/1998
Mythe Bridge,4.44,25/12/2012
Mythe Bridge,4.44,27/02/2020
Mythe Bridge,4.41,21/11/2019
Mythe Bridge,4.4,31/01/2021
Mythe Bridge,4.34,06/03/2007
Mythe Bridge,4.33,25/12/2020
Mythe Bridge,4.32,17/01/2008
Mythe Bridge,4.32,24/02/2022
Mythe Bridge,4.25,15/01/2023
Mythe Bridge,3.78,23/11/2016
Mythe Bridge,3.75,15/06/2019
Mythe Bridge,3.29,20/03/2019
Hereford Bridge,6.11,17/02/2020
Hereford Bridge,6.02,01/01/1795
Hereford Bridge,5.99,01/10/1960
Hereford Bridge,5.66,29/10/1998
Hereford Bridge,5.56,21/02/2021
Hereford Bridge,5.52,27/10/2019
Hereford Bridge,5.38,21/02/2022
Hereford Bridge,5.34,03/02/2002
Hereford Bridge,5.34,13/01/2023
Hereford Bridge,5.24,31/10/2000
Hereford Bridge,4.94,09/02/2014
Hereford Bridge,4.94,01/12/2015
Hereford Bridge,4.88,25/12/2013
Hereford Bridge,4.87,23/12/2012
Hereford Bridge,4.86,14/10/2018
Hereford Bridge,4.75,15/01/2023
Hereford Bridge,4.74,01/03/2020
Hereford Bridge,4.73,20/12/2020
Hereford Bridge,4.45,17/03/2019
Ross on Wye,5.6,01/03/1947
Ross on Wye,5.1,17/02/2020
Ross on Wye,5.01,29/10/1998
Ross on Wye,4.8,22/01/2021
Ross on Wye,4.76,28/10/2019
Ross on Wye,4.71,22/02/2022
Ross on Wye,4.68,22/07/2007
Ross on Wye,4.68,13/01/2023
Ross on Wye,4.64,07/09/2008
Ross on Wye,4.62,10/02/2014
Ross on Wye,4.56,06/02/2004
Ross on Wye,4.54,24/12/2012
Ross on Wye,4.42,07/03/2007
Ross on Wye,4.39,17/01/2008
Ross on Wye,4.36,15/01/2023
Ross on Wye,4.3,20/12/2020
Ross on Wye,4.19,15/10/2018
Ross on Wye,4.04,16/03/2019
Saxons Lode,6.36,01/01/1947
Saxons Lode,6.06,01/02/1947
Saxons Lode,5.92,22/07/2007
Saxons Lode,5.49,17/02/2020
Saxons Lode,5.46,14/12/2000
Saxons Lode,5.45,14/02/2000
Saxons Lode,5.45,13/02/2014
Saxons Lode,5.39,03/11/2000
Saxons Lode,5.38,26/02/2020
Saxons Lode,5.35,24/01/2021
Saxons Lode,5.33,24/02/2022
Saxons Lode,5.31,02/02/1990
Saxons Lode,5.22,26/11/2012
Saxons Lode,5.21,25/12/2012
Saxons Lode,5.2,28/11/2012
Saxons Lode,5.2,25/12/2012
Saxons Lode,5.19,16/11/2019
Saxons Lode,5.19,16/11/2019
Saxons Lode,5.17,25/12/2020
Saxons Lode,5.17,15/01/2023
Saxons Lode,5.17,25/12/2020
Saxons Lode,5.16,29/10/2019
Saxons Lode,5.15,31/01/2021
Saxons Lode,5.14,09/01/1998
Saxons Lode,5.14,09/01/1998
Sharpness,11.07,11/03/2020
Sharpness,10.85,16/12/1920
Sharpness,10.85,09/01/1936
Sharpness,10.7,14/12/1999
Sharpness,10.7,02/03/2014
Sharpness,10.63,03/01/2014
Sharpness,10.54,12/08/2014
Sharpness,10.53,01/02/2014
Tenbury,7.4,01/01/1795
Tenbury,7,01/05/1886
Tenbury,6.3,01/06/1924
Tenbury,5.97,21/07/2007
Tenbury,5.89,16/02/2020
Tenbury,5.75,26/06/2007
Tenbury,5.58,01/12/1960
Tenbury,5.43,27/10/2019
Tenbury,5.3,21/01/2021
Tenbury,5.25,28/12/1979
Tenbury,5.19,02/02/2002
Tenbury,5.14,28/01/1990
Tenbury,5.08,31/10/2000
Tenbury,5.07,21/02/2022
Tenbury,3.81,13/06/2019
Tenbury,3.57,24/12/2020
Tenbury,3.49,12/01/2023
Tenbury,3.26,29/02/2020
Welsh Bridge,5.7,01/12/1795
Welsh Bridge,5.43,01/12/1946
Welsh Bridge,5.25,01/11/2000
Welsh Bridge,5.15,22/02/2022
Welsh Bridge,5.12,25/02/2020
Welsh Bridge,4.95,22/02/2021
Welsh Bridge,4.87,29/10/1998
Welsh Bridge,4.85,17/02/2020
Welsh Bridge,4.8,06/02/2004
Welsh Bridge,4.78,13/12/2000
Welsh Bridge,4.73,12/02/2002
Welsh Bridge,4.6,21/01/2008
Welsh Bridge,4.56,12/01/2007
Welsh Bridge,4.56,09/12/2006
Welsh Bridge,4.54,07/11/2000
Welsh Bridge,4.51,26/10/1998
Welsh Bridge,4.5,13/01/2023
Welsh Bridge,4.44,10/02/2014
Welsh Bridge,4.41,07/02/2011
Welsh Bridge,4.06,27/10/2019
Welsh Bridge,3.88,18/03/2019
Welsh Bridge,3.65,14/06/2019
Welsh Bridge,3.25,29/12/2020
Worcester,5.79,26/02/2020
Worcester,5.74,13/02/2014
Worcester,5.71,24/01/2021
Worcester,5.68,17/02/2020
Worcester,5.64,21/07/2007
Worcester,5.62,23/02/2022
Worcester,5.39,23/01/2008
Worcester,5.39,15/01/2023
Worcester,5.31,23/01/2008
Worcester,5.3,29/10/2019
Worcester,5.23,23/12/2012
Worcester,5.21,24/12/2020
Worcester,5.1,01/02/2014
Worcester,5.08,14/01/2007
Worcester,5.07,16/11/2019
Worcester,5.06,28/11/2012
Worcester,5.06,01/02/2014
Worcester,5.04,07/09/2008
Worcester,5.02,27/06/2007
Worcester,5.01,27/07/2007
Worcester,4.57,16/06/2019
Worcester,4.2,20/03/2019
Doveridge,2.83,25/11/2012
Doveridge,2.84,31/10/2000
Doveridge,2.89,22/12/1991
Doveridge,2.91,17/03/1998
Doveridge,3.02,01/01/1965
